6	现在有4位同学都想把自己的想法与大家分享我们一起去听听吧
5	请你比较一下左边的加法算式和右边的乘法算式你有什么感觉吗
1	为了交流方便老师把米尺搬到了大屏幕上在这里老师要提醒同学们屏幕上的米尺和实际的长度不一样我们要以米尺实际长度为准
5	让我们先来看看第一题请同学们观察这4幅作品你和谁的一样
1	同学们你们看在小朋友的心中数学是如此的丰富多彩
6	请同学们拿出学习任务单用自己喜欢的方法写一写算一算吧
5	同学们刚才你们在用身上的尺子测量物体的长度时我发现有同学用假粮有的同学用妥良谁能说说我们应该怎样选择身上的尺子呢
1	照你这样说千万位升到10个珠子就可以表示一亿了那么千万位的前一位就是亿位
2	没错门的宽度是80厘米这样爸爸就知道该买什么尺寸的木门了
6	小海观察了图片用数一数的方法解决了问题再看看朵朵同学是怎么思考的
5	豆豆用爪量完之后这一段是两盏那么这棵大树有一坨凉渣那么粗看似问题解决了可是新的问题又来了怎么才能知道这一坨两爪到底是多少厘米呢
0	文文借助以前学过的图形知识来说明乘法分配率同样适用于小数真是个好方法
6	下面我们就研究小数乘整数怎么计算为什么这样算
5	同学们根据上面的信息你能提出什么数学问题呢
1	这节课我们不仅掌握了大数改写的方法还明白了改写的道理发现了大数改写时是把大数变成了以万和亿为单位的数而它的大小是不变的
5	其实你们知道吗在中国古代的数学名著9章算术中也有分数乘法的内容那你们知道我国古人是如何计算分数乘法的吗
1	佳佳发现65.6大约是估算结果的10倍可能是小数点位置点错了
1	听了东东的发言苗苗说我现在明白了1/5×2/3就是求1/5的2/3是多少先找到单位1的1/5再把它平均分成三份表示这样的两份就是1/5的2/3相当于把单位一平均分成5成3份也就是15份表示这样的1×2份也就是两份就是单位一的2/15
5	军军说的对吗请你们说说是怎么知道的
1	我用分级的方法检查一下确实是对的
5	同学们你们知道小方小亮喝了多少毫升的矿泉水吗
2	噢他认为数学就是数数
1	今天的课就上到这里同学们再见
1	匆匆说横式和竖式都可以记录两位数乘一位数的计算过程我还想去研究三位数4位数乘1位数的竖式
1	用一个长方形表示全部路程平均分成10份每份就表示全程的1/10三分钟就会走三个1/10三个1/103/10所以1/10×3=3/10也就是说小明三分钟可以行全程的3/10
0	这真是一个好问题
1	琴琴说估算能帮我们分析解决很多问题比如计算出结果之后可以用估算的方法进行检查
1	在开始上课前请准备好课上测量所需要的物品如直尺四点回星针准备不齐也没有关系课上我们和同学们一起观察和思考
5	乐乐带了10.5元想买0.5千克苹果和0.5千克橘子文文想买橘子和香蕉各1.5千克同学们提出了什么问题
1	10×2可以直接口算得出结果但是16×2还要继续拆分再算如果我把26拆分成20+620×2=406×2=12最后合起来是52我发现这样拆分挺简单的
5	生活中我们经常要比较物体的轻重丁丁要想知道自己的这本书和文具盒哪个轻哪个重怎么办
6	屏幕前的同学们课下可以与同伴家人分享一下你的发现
2	小丽这种先分级再改写的方法真是很巧妙
1	碰碰车上的人数真有意思呀每辆碰碰车都有两人
0	同学们可真会思考
1	2020年中国北斗三号全球卫星导航系统正式开通他不仅服务中国更是服务世界将为全球用户提供导航国际搜救等服务
2	已不结解决了问题还为我们介绍了你的思考过程
0	同学们可真会思考
5	屏幕前的同学们你们和他们想的一样吗
1	前面我们发现13和16可以拆成几加几所以开始我想着把26拆分成几加几
1	求1/2小时能清理这块草坪的几分之几就只求一小时工作量的1/2是多少同学们平均每小时清理这块草坪的1/5也就是求1/5的1/2是多少可以用乘法计算所以列式是1/5×1/2
6	看看琴琴同学列出的算式和你们想的一样吧
1	所以小亮喝的水就可以用350×4/5来计算350×4/5分母不变是5
1	天天说分数和整数相乘时分母不变从分母可以知道计数单位整数与分子相乘的积可以表示计数单位的个数
1	现在让我们一起走进天天家为了保证家庭成员的膳食合理营养均衡天天的妈妈想知道一家5口人一天喝的牛奶量及摄入的钙量
1	快慢远进高d上下高矮大小长短值温都是我们学数学时要研究的问题只要注意观察生活中处处有数学
5	我们先来回忆一下在上节课中我们都学习了什么呢
6	通过刚才的练习我们理解了小数混合运算的顺序让我们带着这个认识再来解决一个问题
5	手工社团的老师要为同学们购置彩线每卷2.5元需要购买43卷一共花多少元呢
1	我也是这样想的万位上8个珠子再添上两个珠子就是10个珠子也就是10万
1	两栋楼需要购买的垃圾桶是2×4=8个6个这样的一份就用6×8=48个所以小区一共需要购买48个垃圾桶
5	别着急一幅作品一幅作品来看我们来听听同学们是怎么想的
5	解决这个问题怎样列式呢
1	听了琴琴的分析强强发现小数混合运算的运算顺序和整数混合运算的运算顺序相同在没有小括号的算式里要先算乘除法后算加减法
0	亮亮和君君说的真好
1	芳芳说我知道了在大数改写的时候分级依然是个好方法有了它改写就不难了
5	9.9×0.4是小数乘小数的算式怎样计算呢
1	同时我们还找到了万以上大数的读写方法与以前我们学习的万以内数读写之间的联系
5	问题来了购买4个足球需要多少元呢
5	同学们分别用乘法和加法解决了问题下面请你进一步的观察一下如果途中黄色部分用1/5表示那这幅图是不是同样也可以用加法算式和乘法算式表示呢
6	请丽丽说一说吧
1	首先我发现直接看图就能看出正方形地砖的面积比长方形地砖的面积小其次借助痘痘和林林研究的结果也能发现正方形地砖的面积一定比长方形地砖的面积小最后我还发现只观察他们列出的算式不用计算也能判断因为1/2×1/2中的每一个因素都比4/5×3/4中的因数小所以正方形地砖的面积一定比长方形地砖的面积小
1	同学们大家好我是首都经济贸易大学附属小学的李莉老师很高兴和大家一起学习今天我们研究小数乘法
6	生活中还有哪些物体的个数是一呢请同学们找一找画一画开始吧
5	我们有了一厘米这个朋友那我们就用一厘米长的小棒或小纸条再量量数学书看看到底有多长呢
6	请同学们从脚底开始量一量一米到你身体的哪个位置呢开始吧
1	苗苗也很困惑350×1/5积为什么比350少呢
6	下面我们就一起去研究研究吧
5	看到这些大数你想做些什么呢
1	明明解释说要想求三个12是多少既可以用加法也可以用乘法我想尝试一下
1	这节课就上到这里同学们再见
0	丽丽不仅能用连加解决这个问题还善于观察和思考发现了算式中的奥秘
6	非常好那我们再来看看其他同学的想法吧
1	0.01×0.1表示0.01的1/10也就是把0.01平均分成10份求一份是多少相当于把0.01÷10所以是0.001
5	我们先来看看问题一乐乐买水果花了多少钱
1	从分母我们知道分数单位是1/5整数350与分子4相乘的积做分子可以表示分数单位的个数
1	只要你在生活中多观察就能发现小数乘法能够解决我们身边的许多问题
0	借助自己的图同学们想到了这么多种拆分的方法
5	再来看看乐乐买完水果还剩多少钱
1	读数时我用了数位顺序表写数时也可以用
1	琴琴说我是这样列式的第一步先计算3.4加2.8的和算出一千克苹果和橘子的价钱6.2元第二步用6.2×0.5算出乐乐买水果花了3.1元再用乐乐贷的10.5元减去3.1元求出乐乐剩下7.4元
1	听了大家的汇报东东也提了一个非常好的问题
6	来听听阳阳是怎么说的
5	先来看第一个问题家家房间地面的面积是多少平方米
5	再仔细观察观察你还有什么发现呢
1	我发现竖式的书写方法是一样的都是一个乘数写在另一个乘数的下面而且一位数4与另一个乘数的个位对齐
1	在比较谁多谁少的时候我们可以把香蕉和桃子一个对一个摆一摆这就是一一对应的方法这样一眼就看出它们同样多了
1	498个1×5得到的是2490个149.8是一位小数表示498个0.1乘5得到的是2490个0.1两位小数和三位小数分别表示的是498个0.010.001
6	现在请大家也静静的想一想
1	小丽说我还发现这两个数的最高位都是10亿位五角星盖住的数位在亿位上
6	我们一起来交流一下吧
5	可是这个算式应该如何计算呢
5	是不是这样呢
1	林立是这样想的我发现第一道题目是分数和整数相乘它的计算方法是把分子和整数相乘的积做分子分母不变但我还没有看出它与分数乘分数计算方法的联系
6	数一数它们都分别有几个
6	屏幕前的同学们请你想办法试一试吧
1	受你们的启发我觉得应该这么说就更准确了两位数都可以拆成10加几或几十加几而且这样拆分以后计算起来比较好算
6	你看我们又读了这么多数我们一起来总结一下大树应该怎么读呢
1	同学们这节课我们就上到这儿再见
1	小雨说开学典礼时我们全校的学生占满了整个操场全校大约3000人10个操场就是3万人30个操场就是9万人那10万人需要30多个操场呢
1	通过刚才几位同学的讨论我们发现更大数的大小比较和万以内的大小比较方法确实相同而且不仅方法相同道理也相同
5	有结果了吗
1	"小雨说我还可以1	000万1	000万的数4	620万5	620万6	620万7	620万8	620万9	620万再加上1	000万这个数比1亿还大呢"
0	同学们借助直观的图形和分数的意义不仅发现了求一个数的几分之几是多少可以用乘法计算还发现了其中的道理大家可真棒
5	列式是112×4可是112×4等于多少呢
6	现在让我们走进校园看一看同学们的课余生活吧
1	同学们不仅会倾听还会观察祝贺大家得到了智慧星
1	我明白了以后在计算时我要再细心一点认真审题防止出现类似的错误
1	最后把各部分的积合起来就可以了结果是693
1	同学们大家好我是东城区史家小学分校的数学报老师很高兴能和大家一起继续学习分数乘法的知识
5	同学们我们曾经研究过整数乘法和小数乘法那分数乘整数应该如何计算呢
5	写完了吗
2	同学们琴琴和强强的想法都是把小数乘法转化为整数乘法进行计算真是好方法
6	我们和阳阳一起将下面这些大数改写为1万或亿为单位的数吧
6	大家提出了这么多问题那请你先在学习单上圈一圈写一写尝试列式解决吧
6	我们一起交流
6	请你试着做一做
1	同学们刚才我们认识了米尺通过交流我们知道了一米等于100厘米
1	还真是小数点位置点错了结果应该是6.56
2	根据刚才的经验找到了解决新问题的方法而且还解释清楚了这样计算的道理你们真会学习
1	同学们通过今天的学习我们知道生活中有许多事物可以进行比较还知道数学能帮助我们解决生活中的许多问题
0	同学们真有方法
1	半瓶水是多少毫升就是求350的1/2是多少也就是350×1/2或350×0.5
1	第二题先算小括号里的减法再算括号外的乘法最后算加法
6	一起来看看
1	那今天的课就上到这儿同学们再见
5	老师收集了几个作品请你边看边思考这些作品表达的是什么意思呢
1	表格中的数据都是100克食物中蛋白质的含量乐乐说这三种食物每100克中蛋白质含量南瓜最低鸡蛋蛋白质含量大约是南瓜的15倍大约是牛奶的5倍
1	我又仔细检查了一遍1.8×0.85等于1.53是正确的
5	你们觉得古人的方法怎么样啊
1	接着用4去乘112百位的一得到4个百四写在百位上表示4个100是400最后合起来就是448
1	同学们在课后可以继续用身上的尺子测量一些物体的长度体验测量的乐趣
0	相信大家都能学好数学用好数学
5	同学们5个省市的人口数量的多少比出来了吗
5	同学们你们做对了吗
5	同学们你们量完了吗谁来说说你用身上的尺子量了哪儿呢
6	同学们那就让我们一起来量一量身上的尺子的长度吧请你先选择一种身上的尺子试着量一量并思考选择什么工具呢怎样测量呢同学们赶快试试吧
5	这是琳琳的方法我们听听琳琳是怎么说的
5	看几位小朋友正拿着一个练习本和一本字典比一比可以比什么
5	做完了吗
5	屏幕前的你们跟他们的结果一样吗
6	请看天天的作品
1	算式二是一位小数乘整数按照314×21计算积会扩大到原来的10倍将7÷10得659.4
6	爬杆比赛正在进行中观看三个爬杆的同学你又比较出了什么听听亮亮是怎么说的
6	对它们直直的有两个端点请你再闭上眼睛想象一下线段是什么样子的
5	屏幕前的同学们想一想可以自己试一试看看这位同学和你的方法一样吗
1	我们刚刚认识了10万还知道了它和1万之间的关系
6	课后也请你把自己出的题目是怎样计算的以及计算的道理是什么讲给家人听听
1	芳芳觉得数位顺序表特别有用
1	小雨也有自己的发现他说我发现这两个数的单位不同左边的3万是以一为单位的右边的3万是以万为单位的
6	开始吧
2	佳佳通过单位换算也解决了问题
1	同学们你的尺子上有0吗大家纷纷都说有零在这儿在这儿在这儿
6	今天的作业是请你用不同的方法口算12×2可以用画图的方法说明你的计算过程
1	我把3.9看作三3.1也看作33×3=93.9×3.1的积一定比九大不会是5.07
2	小刚说明明说的对因为橙之性之逃之离之每种饮料都码放得整整齐齐桃枝码放的最高所以桃枝最多
1	算式三是一位小数乘一位小数转化成整数成整数后积会扩大到原来的100倍再将积除以100得65.94我想算是4的积应该用6594÷1000得6点594
5	刚刚有同学把这个加法算式写成了这样一个乘法算式那这个乘法算式中的5表示什么四又表示什么呢你能借助这幅图和加法算式说一说吗
1	"而5	070万和900万中这几个0虽然是在数的末尾但它们都在万级的数位上在用万作单位时是看成5070个万和900个万所以它们不能被去掉"
1	强强发现第一种方法是用竖式计算的
1	我们来看看今天的课后活动测量身边物体的长度先估一估再量一量在测量中发现感兴趣的问题可以用自己喜欢的方法去研究
1	第一种和第二种方法都是把三个20一个一个加起来得到结果用加法计算
1	他万骑上的树是378代表有378个碗各级上的数是7588代表7588个1
1	我们可以先求一行货物的重量也就是19个0.25在乘4行也可以先算出一共有多少箱就是先计算19×4的积再用0.25×76箱结果也等于19
6	同学们是不是轻松多了那我们一起继续学习吧
6	同学们准备好了吗那我们就开始行动吧
1	估算可以让我们知道乘积大约是多少或者在什么范围
5	但我也是说不清楚其中的道理谁能帮帮我
1	生活中比较物体的轻重时我们可以用不同的方法来解决通过跷跷板能看出来有时候用手还能掂出来
0	你们这么快就能熟练地使用直尺来测量线段的长度了可真不简单哪
6	东东有想法了我们来看看
1	先算1×3=3三写在个位上再算30×3=909写在10位上是90接着算200×3=6006写在百位上是600
6	明明也想说说我们来听一听
1	看来同学们对于分数乘分数确实有一些困难
1	同学们大家好我是来自北京市崇文小学的数学王老师很高兴和同学们一起学习数学
1	芳芳发现教室里有5个小朋友书架上放了很多的书和立体图形你们喜欢读书吗多读书读好书你们就会越来越优秀的
6	下面我们就来数一数摆一摆要求是请你先选择物体数一数然后用学具摆一摆想一想遗属的物体有几个应该用几表示开始吧
1	我写的书是和你一样我想用人民币来说说道理我可以把21想成21元就是两个10元和一个1元
0	同学们可真善于观察啊结合具体的实例发现了一个规律一个因数大于一积就大于另一个因素一个因数等于一积就等于另一个因数一个因数小于一积就小于另一个因数
1	其实这里每个箱子装果汁的数量都是一样的他们的码放方法也一样我们看出逃之码放的最高所以桃枝就最多
1	我的方法和他们不一样我是这样想的20×3我们没有学过我想到了2×3
6	我们一起来交流交流
6	那乘号该怎么写呢请同学们伸出你的小手指跟着老师一起书空一遍
1	琴琴知道了每100克南瓜牛奶积蛋的蛋白质含量分别是0.8克3.1克14.8克
6	接下来我们再来看看第二幅作品吧
6	我们先来听听琴琴是怎么想的
1	像这样直直的有两个端点的线就是线段
1	我们已经计算了地面的面积地毯的面积和床的占地面积利用这些结果刚才同学们提出的后两个问题也就迎刃而解了
1	听完了大家的分析天天说看来大家都明白了求350的1/5是多少可以用乘法计算
1	强强说100克鸡蛋的蛋白质含量大约是15克大约要喝500克牛奶才能获取同样多的蛋白质
6	同学们我们再来解决一个问题吧
1	沿着Lily的思路我来讲第二题吧
1	文文是这样想的妈妈每小时行10千米爸爸每小时比妈妈多行3.5千米10+3.5表示爸爸每小时行的千米数也就是爸爸骑车的速度半小时就是0.5小时
6	在你的学习单上写一写
6	请同学们先量一量并把测量结果记录下来然后观察测量结果并思考你有什么发现吗赶快开始吧
6	请你选择喜欢的方法解决这个问题
6	我们来盯正一下
1	东东这样说道今天的前三道题目判断的都是对的最后一题错了24/25×3/2应该大于24/25
1	痘痘通过画图进行了分析他是这么想的我用一个长方形表示一瓶水也就是350毫升喝了1/5就是把350毫升平均分成5份取其中的一份这就是350毫升的1/5
1	琳琳也有了自己的发现我发现19/20×1和19/20都表示一个19/20所以左右两边是相等的所以19/20×1=19/20
6	开始吧
1	"然后我们接着数10个1万是10万10个10万是100万10个100万是1	000万10个1	000万是1亿"
5	看来同学们遇到了困难怎么办呢
5	像这样的题目大家会解决吗
5	先数一数有几个肽呀对有一个太阳有的同学一边数还伸出了一个手指你想怎样表示有一个太阳呢
5	你打算用什么方法呢
6	阳阳还有发现呢我们一起来听听
1	同学们如果你想知道自己的身高你还可以问一问自己的家长或老师哦
6	让我们一起来交流交流
1	也就是从6594的右边数出三位点上小数点得到3.14×2.1的结果是三位小数是6.594
1	你们可以用这样数数的方法数一数你身边其他的物体
1	一朵花伸出一根手指两朵花伸出两根手指三朵花伸出三根手指四朵花伸出四根手指五朵花伸出5根手指
5	同学们身高会凉了你们在测量其他的身上的尺子的过程中还有什么困难吗
5	同学们除了一厘米长的小棒你还能说一说生活中有哪些物体的长度大约是一厘米吗
1	同学们的收获还真不少这节课我们一起认识了身上的尺子测量了身上的尺子的长度积累了很多测量的经验还发现了一些身上尺子的小秘密
6	好好思考一下
1	请大家先看我画的图0.4千克就是把一千克平均分成10份取其中的4份那么我把9.9元平均分成10份这样的4份就是0.4千克的钱数
1	我同意左边晴晴的想法虽然他们都把102拆成100+2的和但佳佳在这一步中计算的是100个0.7而加一个0.72这是一百零一个0.72呀
1	噢我明白了如果不添加小括号是要按照从左到右的顺序计算应该写成0.1×0.125×0.8等于0.0125×0.8=0.01
1	而第三种和第四种方法都是把20改成两个1020×3就是两个10×3得到6个10就是60都用到了6个10是60
2	你不仅写出了竖式还想到了更简洁的书写方法真棒
1	再用3去乘2010位上的2二三得六是6个10把6直接写在10位上表示三个20是60所以21×3的积就是63
5	丽丽说你是怎么想到用12×3的
5	但是我这样做了之后却出现了错误同学们能帮帮我吗
6	我们来听听乐乐的想法
1	我觉得方方的竖式还可以写得更简单12×4的竖式可以这样写112×4我是这样写的
6	让我们一起来算一算吧
5	它们俩都是用回形针测量的怎么测量结果还是不同呢
1	数数的时候啊有时候我们画个小记号来帮忙有时候我们借助我们的小手有时候我们用学具帮忙这些数数的习惯你们都有吗
1	同学们如果我们用心观察就会发现生活中有很多长度大约是一米的物体
1	东东提醒大家说要想知道从杯子中倒出了多少毫升的水就先要找到倒出的水
5	再找一找生活中还有哪些物体的个数是5呢
1	我看懂了第一个同学的作品他是把16拆分成2×8先用2×3=6然后用6×8=48所以16×3=48
5	噢真的是这样吗
0	同学们真善于思考不仅观察生活中的现象还大胆的提出了想要继续研究的问题
1	丽丽看了看自己的作品说我也是先用4去×12个位上的22×4=8把8写在了横线下面的个位上与上面的二和四对齐再用这个4去乘1210位上的一得到的4写在8左边的10位上结果是48
5	其他同学还有补充吗
1	我和强强的想法差不多我也想知道乘积不超过多少我把两个因素都往大沽3.2估成整数42.05估成一位小数2.14×2.1=8.4成绩一定不超过8.4
1	这里有8张数字卡片上面分别是一234一23
1	小雨是这样想的我同意芳芳的想法分级线所在的位置就是个级万级和一级的分解也就是以万或亿为单位的位置
1	我发现两位数可以拆分成几乘几几加几或几十加几
1	噢根据小数的末尾添上0或去掉0小数的大小不变我们可以把小数末尾的0去掉把小数化简
5	那什么是一坨呢两臂伸平两只手中指指尖之间是一坨
1	所以北京市机动车保有量可以改写为621万小客车数量为519万北京大兴国际机场的占地面积可以改写为70万平方米
1	听完了豆豆的分析天天补充的
1	第一位同学在万位拨10个柱子表示10个1万第二位同学在10万位上用一个珠子表示一个10万其实10个1万就是10万
1	通过比较我们又发现了小刚和小强的位置有上下的不同
5	受豆豆的启发你们觉得我们身上还有哪儿可以当做尺子用呢快找一找吧
6	说说你的理由
5	请你仔细观察想想从图中你能得到哪些数学信息又能提出什么问题
1	这些玩具车摆放的就很整齐了
1	350/5×45和350可以约分5约成1350约成70等于280毫升
5	明明的方法启发了大家这道题还有没有不同的分法呢分文后是不是就能用已经学过的知识来解决了呢
5	现在请你再仔细观察这两种方法说说你有什么发现
6	课后我们的作业是数学书第三页练一练第二题一数学书第六页练习一第二题第四题
5	痘痘提出的这个问题你会解决吗
1	我发现一个有小括号一个没有我认为右边算式是正确的
1	一共6捆小棒也就是6个10是60
1	左边算式没有小括号应该按照先乘除后加减的顺序计算也就是先算乘除后算加可是他却先算的加法这不符合混合运算的顺序
5	怎么样比出来了吗
5	可是乘法像这样的分数乘整数又应该如何计算呢计算的道理又是什么呢
1	有的同学说货架一共有三层文具盒在第二层从左边数一2文具盒在第二层左边第二个
0	同学们又解决了小亮喝了多少毫升的矿泉水真棒
1	我的劣势也是12×4用一个圆圈表示一个垃圾桶我把12栋楼拆分成了6栋楼加6栋楼左边是6栋楼需要购买的垃圾桶的数量用6×4等于24个右边也是6栋楼需要购买垃圾桶的数量和左边的垃圾桶的数量是一样的也是24个所以我直接用24+24就可以算出小区一共需要购买多少个垃圾桶了
1	一234567有8根小棒表示有8个字
1	今天跟着李老师走进第二单元一起来学习分类的知识吧
5	通过这节课的学习你有哪些收获和感受呢
1	根据这个算式我想出了一个数学故事假如一箱货物重0.25吨一行有19箱有这样的4行这个算式表示的就是这些货物一共重多少吨
5	把测量工具和测量结果记录到学习单中想一想在测量的过程中你有什么发现吗
1	阳阳说比较两个数的大小不管位数相同还是不同其实都是从最高位开始比的
1	大正方形表示一把它平均分成100份其中的一份是0.01而0.01×0.1就是把0.01再平均分成10份求一份是多少根据小数的意义其中的一份就是0.001
1	苹果的单价是4.98元一箱苹果的质量是五千克求一箱苹果的价钱就是求5个4.98元相加的和根据单价乘数量等于总价也可以列出乘法算式4.98×5
2	是呀零就是起点我们在测量时要从零刻度开始量
1	强强也想到了用小数乘法来解决这个问题但计算方法和文文的不太一样
1	文文说乐乐带了10.5元刚才我们已经算出乐乐买水果花了3.1元10.5元大于3.1元乐乐带的钱够
6	下面我们来布置作业作业一数学书第六页练习二第二题作业2数学书第六页练习二第三题作业三数学书第七页练习二第六题
6	下面就让我们一起来看看同学们的做法
1	豆豆你提的问题真好我是结合刚刚解决的问题来想的大家看这4道比大小的题目左边表示的是2个数相乘的积右边表示第一个因素通过刚才的交流可以知道有的积比这个因数小有的积和这个因数相等有的积比这个因数大
1	很高兴今天与大家一起学习比一比说一说这节课
1	30×8我是用摆小棒的方法来思考的先摆三捆小棒表示三个时
5	同学们你们有没有这样的感受呀
5	0.4千克不到一千克付的钱数怎么会比一天付的钱还多呢
1	今天我们在相互分享相互补充相互交流中愉快的度过了一节数学课
1	同学们好我是北京市丰台区丰台第五小学的卞老师很高兴和大家一起学习
6	我们先看第一组
6	同学们你学会测量线段的长度了吗现在我们来做个小练习
6	想好了吗请你在括号里填上厘米或米开始吧
1	其实只要知道每相邻两个计数单位之间的进率是十其他的任意两个计数单位之间的进率都可以通过它推算出来百万和亿的进率是10×10=10010和万的进率是10×10×10=1000
6	这是三位同学的作品我们一起来听听他们是怎么想的
1	同学们今天的课就上到这再见
1	两个因数都是二点几可以看作整数三3×3=9可以知道肯定少于9元
1	小丽说我们之前数过大米1万粒大米大约是一碗10万粒大米就有10碗大概就是一盆吧
1	我听了你的讲解看了你的图就明白了你是把12拆分成6部分然后再合起来得出结果的下面我再来介绍一下我的作品吧
6	接下来请你选择身边的一个物体用身上的尺子来量一量它的长度并思考怎样选择身上的尺子呢赶快开始吧
1	豆豆说啊分母相乘的积表示把单位一平均分成多少份可以知道分数单位分子相乘的积可以表示分数单位的个数
1	我发现很多同学都喜欢这种方法把12拆分成10+2再计算比较好算
1	比如我们在万位上一万一万的数数到10万的时候就要向前一位进一这一位就是10万位10万位上一个珠子就代表一个10万百万千万亿也是这样数出来的
5	下一个是洋洋的作品你能看懂吗
1	报道说啊我能解决求两小时能清理这块草坪的几分之几就是求两高1/5的和是多少用乘法计算列式是1/5×2计算时分母不变分子与整数相乘=2/5两小时能清理这块草坪的2/5
6	让佳佳告诉我们他的想法
1	通过大家的质疑讨论我们知道了两位小数乘一位小数的积是三位小数有的同学发现积的小数位数与因数的小数位数好像有关系于是提出了这个问题
6	请你拿出学具中一根小棒或小纸条认真观察小棒和小纸条的长度都是一厘米下面我们一起来感受感受一厘米的长度吧
6	同学们课后可以继续思考
2	通过观察计数器认识了更高的数位和更大的计数单位
6	另一边呢一234有4朵花那5朵花和四朵花合起来是几朵花呀我们数一数吧
6	我们一起来听听小丽的想法吧
1	今天我给大家带来了一本数学绘本说的名字叫身上的尺子
6	同学们快伸出你的一眨感受一下这个长度吧
1	有这样的8分一共24个时是240
6	其实在我们的生活中处处都有乘法我们一起来看看同学们找到的乘法吧
1	是的分级后再读就是我们把每个数集看成一个整体整体看有多少个亿有多少个万有多少个一这样还能够帮助我们很好的找准数位
5	看看在这个过程中会不会有什么新的发现
6	请你也这样一个对一个摆一摆并说一说开始吧
6	我们一起来看看当时这些信息的报道吧
1	看了林林的做法同学们有些想法
1	2019年10月1日庆祝中华人民共和国成立70周年大会在北京天安门广场隆重举行随后举行盛大的阅兵式群众游行和联欢活动我们学校的学生也荣幸的参与了此次庆祝活动
1	天天计算的很规范对结果又进行了约分化解最后得到的结果为6
6	我们来听听同学们的交流吧
1	"这就意味着我们可以把82万看成是82个1万5	070万看成是5070个1万900万是900个1万也就是用万来做单位看看他们是多少个万"
1	我知道了分级的好处大数的读写一点都不难了我发现读数和写数都离不开弄清数位和计数单位的个数
5	是啊一更新啊购买多少个垃圾桶呢要解决这个问题你怎么想
5	是呀这样可以吗大家快来说说吧
6	以下是我们的课后作业
6	请大家列出算式计算结果
6	我们先来研究一下小雨的想法吧
6	我们开始交流吧
1	有同学马上就想到生活中啊还有许多物体的数量是一个呢
1	1×3=310×3=30100×3=3006×4=2460×4=240600×4=24008×7=568×70=5608×700等于5600
6	让我们来听一听
1	我想提醒大家我们在计数器上数数时是从右往左数的所以在数位顺序表中我们也要从右往左写
5	这是两位同学的作品你能看懂吗
1	屏幕前的同学们你的测量结果和他们一样吗如果有问题可以重新来量一次
6	请我们把它排排序填写在任务当中的表格里吧
5	小丽的想法是怎样的呢
1	那这两个算式该怎么读呢我们要从前往后读这个算式读作5×4=20这个算式读作4×5=20
5	你算对了吗
1	我会口算两位数乘一位数了我收获最大的是找到了解决问题的方法也就是先分在和
5	门的宽度是多少呢
1	我掌握了大树的读写方法会读和写大树了
1	第三种方法把13拆成7+6用7×3=216×3=1821+18等于39
6	好同学们请开始今天的探索之旅吧
5	真的是这样吗
1	"小丽说我想10万10万的数3630万3	640万3	650万3	660万3	670万3	680万3	690万3	700万3	710万3	720万我还可以继续往下数呢"
5	算式4是两位小数乘一位小数为什么要用6594÷1000
1	今天的课后活动是请你利用学到的本领整理一下自己的书包和家人说一说你是怎样整理的这节课就上到这里同学们再见
5	通过今天的学习你有哪些收获
0	对也就是要先定好分类的标准
1	没错就像你们想的那样先按整数乘法算出积在确定基友有几位小数看因数中一共有几位小数就从积的右边起数出几位点上小数点
5	大家完成了吗
5	为什么最后这幅图不能直接用乘法算式表示呢
6	是不是这样呢请作品的小主人来说说吧
6	下面我们再来看看这两个问题
1	有同学是这样写的4×3=12或者3×4=10啊4是每一组有4个人在种树三表示的是有三组看来这三个加法算式我们都可以写成乘法算式
1	这时阳阳有了想法我想明白作品似的意思了这位同学是把横式的计算过程都写在一个竖式里了计算结果是正确的
5	你能看懂哪个
5	大家是不是也有明明的想法
5	回顾今天的学习过程你能用自己的话说说三位数乘一位数的计算方法吗
1	在这道题目中4和6可以先约分结果是3/10克
1	同学们大家好我是来自北京小学长阳分校的王老师很高兴和大家一起上这节数学课
6	请你量一量你平时睡觉的床长约几米呢开始吧
1	那是因为相同的卡片放在数位顺序表中不同的数位上它所表示的意思就不相同
6	听听亮亮怎么说
6	那我们先来尝试解决苗苗的问题
0	屏幕前的同学们你们也一定发现这个规律了吧
1	计算三位数乘一位数就是用一位数分别去乘三位数个位10位百位上的数把结果直接写在对应的数位上这样就得到最终的结果了
1	在上课前除了我们平时用的学具之外请大家准备好直尺和两米长的软尺
1	听了大家的想法我把14插上了10+4先算10×2=20再算4×2=8最后把两部分合起来20+8=28
0	同学们的分法都很正确
1	然后在每级的后面天上一伙伴每集末尾的0不读级首和中间的0读一个0大数的读法和我们以前万以内数的读法是一样的都是要读出计数单位和计数单位的个数
2	天天根据分数的意义和我们以前学过的方法解决了小芳喝了多少毫升的矿泉水真好
5	亮亮的这种方法可以吗
0	军军观察的真仔细接下来咱们就分别走进这些活动看你能从中发现哪些数学问题
6	下一个是明明的作品你是怎么想的呀也来给我们说说吧
1	这个同学借助小棒说明了其中的道理
1	说的对呀我们都有两只眼睛两只耳朵两只胳膊两条腿两只手还有两只脚它们的个数都是二都可以用二表示
1	样样说位数相同的两个数比较大小从最高位比起最高位上的数大的那个数就大如果最高位上的数相同就比下一个位上的数一直到能比较出来为止
5	请你观察这几种方法有什么发现吗
1	丽丽说我会写三位数乘一位数的竖式了并且知道了竖式每步的道理
5	通过今天的学习你有哪些收获
1	在整个过程当中分数单位的总个数是2×4所以分子与整数相乘的积也就相当于在计算分数单位的个数所以就得到了爸爸4分钟行全程的8/9
1	其实数学呀就在我们身边从今天开始我们就一起走进数学的世界
1	非常好林莉想到了转化为同分母分数加法进行了计算这个东东啊也有不同的想法让我们也来看一看
6	丽丽也有发现呢我们听听他在说什么
6	同学们你能看出来了吗你的身上的尺子有这些特点吗快看一看吧
1	琳琳听完了他们的分析又看了看图说噢确实是我错了我的800×3/8求的是还剩下多少毫升的水苗苗求的才是倒出来的水
5	请同学们拿出数学书我们一起测量数学书的这条边有多长想一想我们用什么去量量的结果是什么
1	佳佳说学校操场一圈跑道就长400米25圈就是1万米250圈是10万米我跑了一圈很累要跑250圈10万也太大了吧
1	痘痘接着说了他说从分母可以知道分数单位是多少分子与整数相乘的积可以表示分数单位的个数
5	谁介绍一下主会场的信息
5	看了这些信息你有什么感受
5	有结果了吗
5	我的方法大家听明白了吗
1	而在百万位上第一个数有9个这样的计数单位第二个数有两个这样的计数单位所以通过百万位上到计数单位的个数的比较得出北京的人口数量天津的人口数量多
1	10个1是1010个10是10010个100是100010个1000是1万
1	小于在数位顺序表中不但找到了相邻两个计数单位之间的进率是十而且还发现了不相邻计数单位之间的关系
5	想好了吗
1	"我和小丽想的一样从数位顺序表里我们很清楚的看到82万5	070万和900万的各级都是0"
1	为了便于思考我画了画图用一个笑脸代表一个同学观察图我发现分一分就好解决了把三个12平均分成两份每份有三个6利用乘法口诀三六十八就能求出一份的人数再把两份加起来18+18=36所以12×3应该等于36这样就算出结果了
5	这是三个同学的作品你能读懂吗
1	琳琳回应道受到大家的启发我发现当第二个因数小于1时7就小于第一个因数当第二个因数等于一时7就等于第一个因数同样当第二个因数大于一时积就大于第一个因数
1	我是画图理解的这个长方形表示一千克橘子2.8元这个长方形表示一千克香蕉原价5.6元根据香蕉每千克降价两元就可以知道香蕉现在每千克多少元
1	当然你们也可以直接数字
6	把你的想法写一写画一画
1	这是洋洋的想法他说100万是10万的10倍
1	左老师告诉你们实如法而一的意思就是用分子去除以分母进行除法计算
5	同学们完成了吗
2	你不仅用两种方法解决了问题而且对自己的方法进行了对比真不错
6	刚刚同学们列出了这些加法算式请你们仔细观察这4个算式有一位同学把它们分成了两类你知道他是怎么思考的吗我们来听一听
0	你解释的真清楚相信屏幕前的同学们一定也听明白了
1	在前面的学习中有的同学提出测量更长的物体时需要什么工具呢这节课就让我们带着这个问题开始今天的学习
1	阳阳说如果把第二个数最高位上的数改为5这两个数的最高位上的数相同继续比较下一位数的大小所以五角星盖着的数的大小就很关键
5	看来芳芳数对了唉同学们如果两边的花一样多这里还有一朵现在一共是多少朵花呢
1	我发现这两位同学都是根据数的特点先运用了乘法交换律把0.4和0.125交换了位置
5	好了那下面我们来看看同学们的解法和你的一样吗
5	我们听听豆豆是怎么想的
6	军军说呀有八朵花芳芳说有九朵花到底谁说的对呢拿出小棒我们一起来数一数
1	玩碰碰车的一共有多少人也有同学问坐船的一共有多少人还有同学提出的问题是种树的一共有多少人
1	同学们大家好我是北京市东城区史家教育集团的刘老师很高兴和大家一起学习数学
6	大家都说完了吗有两位同学还画了几幅画来说明呢听听他们的想法吧
6	请你挺直小腰板眼睛向前看伸出自己的双手和老师一起做
5	方法观察了池塘他发现什么了呢
6	请同学们用自己喜欢的方法写出或者画出你的解决过程
6	同学们都听明白了吗那我们就开始了
1	确实像阳阳芳芳说的那样青海的人口数量是最少的
1	芳芳说的真清楚它是先分级然后通过比较这三个数的最高位上的数的大小得出这三种鲸鱼体重的排序
0	相信大家都说对了
5	屏幕前的同学们大家完成了吗
0	同学们你们的收获可真不小
1	芳芳说我会写两位数乘一位数的竖式了还能知道竖式每一步的道理了
6	现在再来看看数位顺序表
5	有想法了吗
1	"5	070万中的这个0和900万中的这两个0都不能被去掉因为他们是万级数位上的0我们要把它们看成是5	070万和900万"
1	同学们大家好我是来自昌平区城北中心小学的刘老师很高兴和大家一起上数学课
6	芳芳想发言我们来听一听吧
6	接下来用今天学习的知识去解决问题吧
1	我们刚刚发现拆成几十加几可以用于任意的两位数而且计算比较简单所以我就把23拆分成20+320×3=603×3=9最后合起来是69在做题的过程中我感受到这样拆分真的挺简单的
1	我给乐乐补充一下还可以先求出一列就是4箱货物的重量用0.25先乘4再求这样的19列有多重
1	是啊在生活中经常会用到分类
1	你们这么一解释我就明白了350×1/5算的是350的1/5是多少
2	同学们你们可真了不起不仅认识了新的计数单位和新的数位还能够利用这些新的计数单位进行数数并能够感受这些大数的大小
1	"再从剩下的卡片中选出最小的放在下一位上按照这样的想法继续选下去就找到最小的5位数是10	056"
5	那0.1×0.1等于多少呢
6	有问题的同学可以改一改
2	丁丁这回听明白了一一对应真是一个好方法一下就能帮助我们判断出小狗最多小兔最少
5	你们还有别的问题吗
6	有了猜想接下来我们就一起验证一下吧
6	那大家在学习单上动手连一连吧
1	第二种方法用托式计算的
1	我选择的是左侧的路线20×7等于14020×9等于1803×900等于27002×3000=6000
5	同学们你们有办法说明这其中的道理吗
1	连连说我把一张长方形纸看作单位一先平均分成5份表示这样的一份就是1/5
1	屏幕前的同学们你们知道吗对它表示长度单位米用字母m表示一m就是薏米
6	请你尝试着分一分算一算在学习单上写出你的计算过程
1	我明白了这个数先分级就是把以万为单位的放一起以个为单位的放一起这样这个注就分成了万级和各级两个部分
5	同学们你们找到了吗谁来分享分享
5	谁还有不同的发现
1	你听明白了吗其实5就是每条船有5个人也是加法算式中的加数54就是有4条船也就是有4个5相加还有同学是这样列式的把5和4换了个位置这也是可以的
5	问题出在哪了呢
1	莉莉补充说作品5是我的我是想到了二年级的乘法数是8×6写出来的12×4的数是也计算出了结果
1	接着计算100×4=400这个丝写在摆位上表示4个百也就是4个100元是多少最后把计算的结果合起来就可以啦
1	我用了估算的方法把14.8和1.2都往小估14×1=14所以蛋白质含量一定比十四大
5	好了同学们今天学习了两位数乘一位数我们是怎么计算的
0	当然可以啊
5	大家快来看看这两个同学的想法有什么不同
1	今天这节课我们就上到这儿同学们再见
5	芳芳提问道你能再说说是怎么计算的吗
0	同学们真的是这样吗快来仔细的观察观察噢还真的是差不多的丽丽太会观察了还发现了藏在我们身体上的一个小秘密
1	我把12栋楼拆分成了4栋楼加8栋楼左边的这部分就是先算出4栋楼需要购买的垃圾桶数量用4×4=16个右边这部分是8栋楼需要购买的垃圾桶数量用8×4=32个最后把两部分合起来也就是16+32=48同样算出小区需要购买48个垃圾桶
5	唉同学们你们能不能想象一下东东是怎样画图来说明计算道理的
6	还有人才健身呢快来数一数
1	苗苗想到了用小数连加的方式表示他说将一平均分成10份其中三份可以用0.3表示三个0.3的和就是0.3+0.3+0.3
5	三个好朋友开始玩拼彩条的游戏这是它们拼成的彩条每一小段彩条都同样长比一比是不是同样长呢
1	琴琴说我觉得把两个因数都往小估就能知道乘积一定大于多少把两个因数都往大估就知道乘积一定小于多少
6	那接下来让我们一起来看看今天课下要完成的作业
6	老师这儿还有一些图片请你们静静的看一看
5	你同意佳佳的想法吗
0	你们同意丽丽的说法吗丽丽观察的可真仔细这两把尺子都是100厘米长
5	他们有什么联系
1	因为我们原来在学习万以内数的读法时一般是从最高位开始依次先读数然后接着读那个数的计数单位
1	3.2和2.05都往大沽就能知道成绩最大不超过多少把3.2看作整数42.05看作整数34×3=12乘积一定不超过12不会是65.6
1	正在玩皮球的小动物们可真不少我们来看小鹿和小猫坐在跷跷板上一旁的小羊想知道它们哪个轻哪个重
1	一2345有5条红色的金鱼接着数一23有三条黄色的金鱼
5	好啦睁开眼睛动动手指比一比用一厘米长的小棒或小纸条和你两指之间的距离比一比一样长吗
5	我们一起解决了前两个问题再来看看文文买水果花了多少钱
1	其实呢这把100厘米长的尺子就是我们生活中的米尺
5	同学们你们看明白了吗通过刚才的测量和讨论你们积累下了哪些测量的经验呢
5	对照这三个同学的作品回想一下自己分类的过程有什么想说的
5	下面让我们在尺子上找一找从哪到哪儿长三厘米
1	我按照刚才的方法把后面三个数也放到数位顺序表里这样可以看到第二个数三在这个数的最高位一位上那就是3亿
0	真会倾听一下子就抓住了问题的关键
1	其实关于长度还有很多有趣的问题等着你们去研究和探索呢
5	你们看甜甜正在用小尺子测量呢看了甜甜的测量过程你们有什么想法吗
1	阳阳说我发现了它们都是先算1×4=4再算20×4=80最后把两部分合起来是84
1	南瓜有300克是三个100克100克南瓜含有蛋白质0.8克用0.8×3=2.4300克南瓜含有蛋白质2.4克牛奶有200克是两个100克100克牛奶含有蛋白质3.1克
2	同学们你们联系学过的知识想到了竖式这是一个非常好的意识
1	把0.01×1000.1×10算式就变成了1×171机会扩大到原来的1000倍再将积除以1000也就是把一的小数点向左移动三位得到0.001所以0.01×0.1=0.001
5	同学们你们知道哪个正确吗
1	3.2×3表示三个3.2相加的和因为我们学过小数加法我先用加法计算3.2+3.2+3.2=9.6元乘法算式的结果也一定是9.6元
5	我们在计算加减法时用到过竖式学习乘法口诀时也写过竖式这个计算过程能不能用竖式来记录呢乘法竖式与这样的横式有没有关系呢
5	五千克苹果是多少元呢
1	乐乐说生活中很多地方都用到小数乘法比如购物时用估算可以知道自己大概需要花多少钱实际付款时就要精确计算它们各有各的作用
1	同学们好我是北京石油学院附属小学的贾老师今天跟大家上一节数学课
0	同学们刚才我们通过按顺序数一数解决了大家提出的一些数学问题还认识了一2这几个数同学们真是太了不起了
1	东东是这样想的求小亮喝了多少毫升矿泉水就是求350的4/5是多少就是把350平均分成5份取这样的4份所以是350×4/5
5	丁丁有疑问了怎么小猫一会儿多一会儿少呢
6	请你伸出小手和老师一起做
6	那下面就请同学们用自己喜欢的方法尝试解决一下
1	有的同学说我发现超市里大多数物品都是一层一层摆放的还有的同学说收款台前的同学特别讲文明守秩序他们都按照先后顺序排队付款呢
1	明明想知道这款长方形地砖的面积是多少平方米
1	周末佳佳和爸爸妈妈一起到超市购物妈妈说我们买两根跳绳三个水杯爸爸说我们再买一箱苹果
1	同学们好我是北京市丰台区大红门第一小学的徐老师很高兴跟大家一起学习
5	买两根跳绳需要多少元
2	同学们不仅发现了两种方法之间的联系还大胆提出自己的猜想真会学习
1	因为分级线可以表示出还是用亿来代替去掉的0不过分级线前面的这些零是不能被去掉的
1	"写数就是把数写在相应的数位上13亿7	053万6875然后你再对应着读法看看写的是不是在正确的数位上全国总人口1	370	536	875"
6	要求是摆小方块来表示这几个数一边摆一边观察思考看看你有什么发现开始吧
1	天天说那照这样计算2/3小时能清理这块草坪的几分之几呢
6	请你用自己喜欢的方式表达出来
6	首先请看屏幕
1	同学们你们爱数学吗课后你可以继续寻找你身边的数学
5	我们制作了长尺子用它解决了测量门的高度问题我们一起来观察观察这三把长尺子你有什么发现吗
1	这些图形啊被同学们已经摆放好了把相同的图形摆在一起这样一眼就能看出谁多谁少了
6	让我们先来算算小芳喝了多少毫升的矿泉水
1	我们来回顾一下大家在整理写字台时把这些学习用品可以分成书和文具这两类写字台上的学习用品就摆放的更整齐了也就更好找东西了
6	现在请你再看看小雨的方法
1	琴琴发现数和运算符号都一样但第一题没有括号第二题含有小括号第三题同时含有小括号和中括号
1	同意他的意见吗我们先要看看这些物品是什么然后再想想它们是哪一类的最后连一连
1	也可以说整数乘整数或者小数成整数都表示几个相同加数的和
1	军军说有的同学在赛跑有的同学在跳远有的同学在做游戏还有一些同学在进行爬杆赛呢
1	这是丁丁的疑惑他想按车轮多少为标准把这些玩具车分成两类咦这样分类可以吗
1	芳芳说他看到一个小朋友扶着奶奶到池塘去看荷花军军说他看到了一栋大楼还有天空中自由自在飞着的鸟儿今天和方法分别看到了一栋大楼和一个池塘
6	请你拿出数学书翻到第六页找到练一练中量一量的第三小题让我们一起来测量下面图形中线段的长度吧
6	东东有想法了我们一起来听听
1	相信屏幕前的小朋友还想到了其他的拆分方法
1	带着这样的经验我们还可以认识更大的数
6	请你试着写一写
1	你先分级再写是个好办法我用分级的方法写了后两个数这两个数我先找到了万这样就知道万前面是万级数后面是个级数
6	同学们都完成了吧我们一起说一说
1	豆豆说他想知道妈妈从杯子中倒出了多少毫升的水
5	是呀小熊猫也十分困惑呢小松鼠和小熊猫量的都是4坨可是给河马哥哥的皮带却短了这是怎么回事呢
6	2数学书第七页第二题3数学书第七页第三题
1	天天找到了原因天天说求几个相同加数的和可以用乘法
5	那你们知道强强是怎么转化的吗
5	琴琴和强强用不同的方法解决了这个问题你能根据强强的想法写出综合算式吗
5	你对他的做法有什么疑问吗
6	那就让明明给大家讲讲吧
1	军军听明白了于是他写出了这个乘法算式啊×5结果是10
1	看来通过拆分我们就可以把两位数乘一位数变成我们学过的一位数乘一位数或者10×1位数计算起来就容易了
6	准备好纸和笔后就开始吧
1	把它们的积合起来就是8+40加400也就是448元
1	同学们这节课的学习就到这里再见
1	同学们大家好我是来自昌平第二实验小学的陈老师很高兴和大家一起来学习乘法的初步认识这节课
0	有道理
6	说说你的理由
6	"请在计数器中拨出3	620万再接着往后数"
1	"我看到了1	000	170中只有千位上的零读了2	040万只有百万位上的领读了其他的0都没有读"
6	听文文说说他的想法
0	相信你一定也有很多发现
5	同学们都表示出了8万加2万共10万的过程你有什么发现呢
1	有同学说这节课我们学习了分类我觉得要先想想按什么分类
1	我同意佳佳的看法左边算式没有小括号第一步应该计算乘法2.8×0.5求的是0.5千克橘子的价钱是1.4元
1	读这些数我是先分级然后再读
6	试着把比较的过程和结果记录下来
1	通过前面的学习大家发现了在生活中有许多事物可以进行比较如比较快慢远近上下高低等等
5	你们知道为什么有这样的规律吗
6	同学们我们再来一起看看量量量了哪呢
1	其实多位数乘一位数都可以用这样的方法
6	我们请一位同学从右往左依次读一读这些数位和计数单位的名称吧
0	你们可真善于发现找到了生活中这么多长度是一厘米的物体
1	而2×3000可以把3000看成三个千三个千×2得到6个钱就是6000
5	下面请你闭上眼睛想一想一厘米有多长
5	你读完了吗
6	还有其他的想法吗我们一起来看一看吧
0	非常好
1	同学们我是北京市第十八中学附属实验小学的王老师很高兴和大家一起学习
1	这是乐乐和文文的托式计算过程
1	"百万位上有10颗珠子就是10个百万满10进一百万位的前一位是千万位千万位上的一颗珠子就表示1	000万"
6	有两个小建议先尝试用竖式计算12×4再找一找横式和竖式的联系
5	这三道题的结果都不一样为什么同样的数同样的运算符号结果却不一样呢
1	从图中我们了解到珠穆朗玛峰颜面高度约8844米
0	观察真仔细太棒了
1	我想计算30×8得多少可以把30看成三个10三个10×8三八24得到24个时24个10就是240
1	今天我们就重点研究一下像第二类这样的算式
1	看来直观图已经在同学们的头脑之中了
1	你们看12可以拆分成10+216可以拆分成10+613可以拆分成10+317可以拆分成10+726可以拆分成20+6这样拆分以后算起来比较好算
6	接下来我们再走进教室看看吧
0	相信同学们也能正确解答这个问题
1	同学们大家好我是来自北京市东城区府学胡同小学的数学吴老师很高兴跟大家一起学习数学
1	用二分别聚成34的个位和10位上的数先算2×4二四得八把8写在个位上再算2×3二三得六是6个10把6写在10位上所以34×2的积就是68了
1	其实这一步就是在应用乘法分配率应该分别算出100个0.72与两个0.72再把它们的积相加
1	乐乐还估算了床的占地面积把1.8往大估看作二把0.85往小估看作0.82×0.8=1.6乘积大约是1.6精确计算的结果和估算的比较接近是合理的
5	这些问题怎么解决呢
1	今天这节课就上到这儿了同学们再见
5	分数和整数相乘的算法和分数乘分数的算法之间有没有联系呢
1	随着交流的深入东东说我明白了在我们学习的分数乘法中不管是分数和整数相乘还是分数乘分数他们的计算方法都可以说成是用分子相乘的积做分子分母相乘的积做分母
1	我先算4个2是多少用4×12个位上的啊are×4=8爸爸写在了个位上也就是皇室中的2×4=8
5	如果把第二个数最高位上的数改为5能比较这两个数的大小吗
1	没问题你们看我把12拆分成6+6两部分这样三个12就均分成了两份每份都是三个6利用乘法口诀算出一份6×3=18再把两份加起来18+18=36这样就知道12×3=36了
1	要想知道买4本趣味数学共多少元就是要求4个21元是多少也就是要计算21×4等于多少
6	今天的课后作业是数学书第九页练习二的第三题和第五题
1	我来说说我的想法吧我把14拆成9+5两部分三算两个9的和是18再算两个5的和是1018+10=28
1	我同意你的想法不过我是用数一数的方法得到结果的
1	有的同学说超市里的物品为什么摆放的这么整齐呢我发现都是饮料和饮料放在一起文具和文具放在一起这样摆放看起来舒服且方便找东西
1	小丽这样说我知道了在改写数时数的大小是不变的只是变成了要以万和亿为单位的数
1	下课后请你继续用一厘米长的小纸条一厘米长的小半或尺子量一量你身边物体的长度体验测量的乐趣
6	其实这里面不仅有好玩的项目还有很多有意思的数学问题呢你发现了吗我们一起去看一看吧
1	本节课除了我们经常使用的雪具外还要请家长帮忙准备30根小棒或纸条具体长度参考学习单上的要求
5	我还有一个想法是不是可以用一个竖式表示呢
1	每排12人有这样的三拍要想求一共有多少人就是求三个12是多少用12+12+12=36三年级参加队列表演的一共有36人
1	同学们你们好我是来自昌平区昌盛园小学的崔老师很高兴认识你们
6	我们一起看一看先数荷叶
1	同学们你能用学到的知识帮助他们吗这样你也能成为一名乘法队长了
1	请你像老师一样用拇指和食指夹住一根小棒或小纸条再轻轻的把它抽出来拇指和食指之间的缝隙大约是一厘米长
1	最后一种方法是把13拆成10+3先算10×3=30再算3×3=930+9=39
5	你们还有新的发现或想继续研究的问题吗
6	有几个同学想把自己的发现分享给大家我们一起去听听吧
5	方法现在你可以接着写你的竖式了吗
5	阳阳说这其中的道理是什么呢
6	同学们你是这样测量的吗我们再听听其他同学的
1	同学们用估算的方法知道了乘积大约是12一定比九大看来5.07这个结果真是不对
1	没错当然是5
1	他呀一眼就看到这两朵盛开的荷花而且芳芳还数了荷叶和金鱼呢你们数了吗
5	第三个作品我一时没看懂能让这幅作品的小主人解释一下吗
5	问题是三年级参加队列表演的一共有多少人这个问题你会解决吗
5	为什么用乘法呢
6	让我们看看这几位同学的作品
5	那除了这三个加法算式其他的类似的算式是不是也能写成乘法算式呢如果是5个6相加6个7相加甚至更多这样的算式还行吗
1	听了琳琳的发言痘痘想补充
1	提醒同学们在使用剪刀时要注意安全如果没有准备全也没有关系上课时和老师同学们一起观察探究也可以
5	周末明明邀请好朋友到他家做客这是明明的房间大家看到后有什么想说的
5	如果将整数写成假分数呢
1	但是最大的一位数是99+9才=18不会等于20多呢后来我又想13和16都可以拆成十加几
1	因为整10数乘1位数就是几个十乘几得到多少个时所以在鸡的末尾添上一个0
5	大家完成了吗
1	我觉得把整10数看成几个10在计算挺方便思考的
6	先想一想然后在学习单上自己连一连并说一说是怎样想的
5	想好了吗
6	现在我们知道了2/3小时能清理这块草坪的2/15接下来请你写出一道分数乘分数的题目计算出得数并说明计算的道理
1	看来我们要想用身上的尺子测量物体的长度我们需要知道身上的尺子有多少厘米这样用起来才更方便呀
5	请你先认真的看一看你能看懂这些方法吗
6	下面请你用自己喜欢的方式探究1/5×1/2等于多少
1	看来同学们真的和这几个数成为好朋友了让我们再一起读一读一234我
0	这两位同学多么善于观察生活
1	听了苗苗的发言天天说
2	还真是通过观察还可以比一比就可以知道字典比练习本后练习本比字典薄
6	佳佳想到了从家到爸爸的单位有多少千米请你试着解决这个问题
5	那也就是把相同颜色的衣服配成一套了除了按颜色分类还可以按什么标准分类呢
0	同学们你们真会思考能够选择合适的长度单位还能正确测量
1	今天我们来学习比较课前请同学们准备好桃子和香蕉图片没有图片的也没有关系可以用其他学具代替
5	写好了吗军军说我遇到了一个问题我知道这个算式中应该有一个二可是还有一个是什么怎么写呢你们能帮助他解决这个问题吗
6	这是芳芳的想法让我们再来听听阳阳是怎么想的
1	我们看出80和160可以约分80约成一160约成二等于26架答空中护旗队的直10武装直升机约有26架
6	请你先试着读一读然后把你的读法记录下来开始吧
1	噢咚咚想到用画图来解释
5	有一个数位上的数被五角星盖住了能比较出它们的大小吗
5	相信同学们也都有了自己的方法这节课的学习就要结束了能谈谈你有哪些收获吗
1	琳琳没有先用分子与整数相乘而是先进行了约分这种方法也很好
1	亮亮说这个5就是加法算式中二的个数我们一起数一下一2345有5个2相加那就可以写成这两个乘法算式
6	下面我们来看一个生活中的小问题
6	确实是同样长的屏幕前的同学们先想一想并在学习单上在三条彩条中最长的后面画勾最短的后面画圈再说一说你的理由开始
1	阳阳说他认识了数级知道了有个级万级和亿级
1	3.2是一位小数乘10才能得到整数32三没变根据积的变化规律积就会扩大到原来的10倍所以要把96÷10才能得到3.2×3的积9.6算出了三个水杯的价钱是9.6元
6	我们来交流一下
1	苗苗想研究这两款地砖谁的面积大
0	同学们可真棒借助数与形的结合我们不仅解决了小芳喝了多少毫升的矿泉水还探索出了解决这个问题的新方法350×1/5王老师为你们点赞
6	做好准备开始吧
1	我是用竖线表示每个人的把12分成9+3两部分一部分是三个9一部分是三个三借助口诀先算出三个9的和是27再算三个3的和是9然后把两部分合起来27+9=36所以12×3=36
5	苗苗问橙汁比梨汁多几箱同学们知道答案吗
1	同学们像这样在整理写字台时把学习用品分成了书文具这两类这样做就是分类
6	同学们一定想好了我们一起来交流一下先听听丁丁的想法
6	接下来请同学们用数学的眼光在你的生活中去找一找看一看哪里有比一比请看活动建议
6	下面让我们布置今天的作业第一项作业是数学书第七页的第七题借助乘法的意义老师相信你们肯定能正确的完成第二项作业是数学书第八页的第十五题请你们仔细的读一读看看分别解决的是什么问题请你们课后试着来解决一下
1	就在这里呀把数写在对应的数位上就已经把三部分的积合并在一起了
1	112×4可以先算4个2元算式是2×4=84个10元算式是10×4=40还有4个100元算式是100×4=400
5	屏幕前的同学们这些问题你们是如何思考的呢
5	其他同学你们还有什么补充吗
6	经过尝试大家都有了自己的想法下面让我们来听一听同学们是如何解决的
1	生活中我们获取食物中的营养不仅考虑蛋白质还有其他成分要合理搭配
1	心灵手巧的佳佳还非常注重健康饮食他在劳动课上学习了营养丰富的早餐了解到早餐要合理搭配要补充蛋白质于是查找了几种食物蛋白质的含量
1	听了同学们的讨论豆豆说我也要把我房间的物品一类一类的摆放整齐
5	是以千为单位进行改写的吗
0	说得真清楚在大家的帮助下他整理好了自己的写字台
1	我现在明白了1/5的1/2就是把单位一平均分成5×2份也就是10份表示这样的一份就是单位一的1/10
1	早在3000多年前的商朝甲骨文中就出现了表示一10百千万等的计数单位
1	当比较位数相同的两个数的大小时从最高位比起最高位上的数大的那个数就大如果最高位上的数相同就比下一个数位上的数
1	对了国旗上有5颗5角星奥运会旗上有5个彩环它们的个数都是5
5	同学们你们同意强强的想法吗
5	豆豆这样计算的得数是对的但是这样计算有道理吗
6	好那让我们比较一下这些图
1	第一题先算乘法再按从左到右的顺序依次计算加法和减法
1	同学们好我是来自史家教育集团的左老师很高兴能和大家一起学习
1	请你选两种物体先估一估长度大约是几厘米再尝试测量把估计和测量的结果记录在下面的表格中
1	我觉得作品是和横式是有联系的第一步算的是2×4=8第二步算的是10×4=40最后把两个鸡合在一起是48写在了最下面
5	我们继续思考研究了12×4的竖式其他乘法算式如果写成竖式是不是也可以这样想这样写呢
1	其实国际上有测量长度的标准单位这节课我们就先来认识其中的一个单位朋友厘米还可以用字母CM表示我们现在就来一起认识认识它吧
5	回顾本节课的学习你有哪些收获又产生哪些问题呢
6	我们请芳芳先来发表自己的看法吧
5	在刚才的活动中给你最大的启发是什么
6	学校的秋季运动会马上就要开始了快让我们一起去看看吧
1	所以我用9.9÷10再×49.9÷10得0.99上节课我们学了小数乘整数可以算出0.99×4是3.96所以9.9×0.4=3.96
0	君君观察的可真仔细
0	文文说的对同学们在活动时要注意保护自己
6	应尝试边想一想你打算做些什么准备
1	我发现这组横式和竖式是有联系的都是把112拆分成两个一一个10和一个百先算2×4=8再算10×4=40接着算100×4=400最后把这三个部分的积合起来
1	佳佳说我填好了
1	求800毫升的5/8是多少可以用乘法计算就是用800×5/8所以苗苗的方法是对的
0	小刚说的真好
1	我们来举个例子比如12×4和112×4的计算方法
0	你讲的可真清楚
1	这节课我们借助数位顺序表掌握了大数的读写方法又进一步的认识了数级的重要作用
1	我们再来举个例子研究研究
1	最后给同学们布置一个课后活动比一比说一说请你寻找生活中的一些事物比一比他们的快慢远进高d上下大小等等再和你的家人说一说
1	佳佳说他知道了10进制计数法知道了每相邻两个计数单位之间的进率是10
1	屏幕前的你们列出乘法算式了吗那恭喜你们你们成为了一名非常了不起的乘法队长
6	在你的学习单上写一写吧
1	东东接着说以1/5×3/4为例把一个长方形看作单位一先平均分成5份表示这样的一份就是1/5再把其中的1份平均分成4份涂上这样的3份我们可以看到单位一被平均分成了20份从分母相乘的积可以知道新的分数单位分子相乘的积可以表示分数单位的个数
5	别着急我们先放在这里看看
1	再从上下的卡片中选出最大的放在下一位上按照这样的想法我们继续选下去就找到了最大的7位数866万5100
5	同学们刚才丽丽问身上的尺子在哪呢通过阅读绘本你们找到了吗
1	作品一是我的我来介绍一下
5	这是乐乐的想法你能看懂吗
6	我们一起来交流一下
5	同学们你算对了吗
1	在今后的学习当中我们会针对这些大数继续展开讨论
5	回顾刚才我们学习了什么有什么和大家分享的
5	儿童乐园里小朋友们玩得多开心呀看看同学们还找到了什么
1	个位上一颗珠子代表一个一一2345678910
1	看来整10数整百数乘一位数计算时可以先用一位数与整10整百数零前面的数相乘就得到多少个10或者多少个百然后在积的末尾分别添上一个0或者两个0
1	计算3.2×30只需要把3.2×10变成32就把算式变成了整数乘法根据积的变化规律积会扩大到原来的10倍所以要再将96÷10正确的积是9.6
1	分别是个级万级和亿级在万级中每个数位都沿用各级的每个数位相应的名称只是在后面加上万
0	你思路真清晰
6	请你试着算一算4.98×5是多少
1	在同时有小括号和中括号的算式中应该先计算小括号里的再算中括号里的最后算中括号外面的
1	还有同学在学校的操场上在游乐园里在超市里发现了他呢那课后也请你们找一找生活中的乘法并与家人讲一讲你找到的乘法故事
1	同学们现在你们明白为什么一位小数乘一位小数积的结果却是两位小数了吧
5	谁来说说你的发现
1	我听到了大家都说房间看着真乱啊东西都不好找
1	用这样先拆分分别成在合起来的方法就可以把大数变成小一些的数把没学过的转化成学过的知识了就把问题解决了
5	刚才我们数出了有一个太阳你还能数一数其他物体吗
1	通过这几位同学的交流我们发现分级能帮助我们很好的找准数位和计数单位以便我们通过计数单位以及计数单位的个数来比较两个数的大小
5	小雨说这些大数怎么读呀
6	可以在点子图上圈一圈分一分转一转尝试一下自己的拆分方法开始你的研究吧
6	屏幕前的同学们你们有这些疑问吗那就让我们带着这些疑问一起走进这本绘本中看看能不能找到答案
5	现在变化一下看到这幅图你能想到哪个算式呢
6	一起来听听他们是怎么说的
1	我们再来看看第二题这是勤勤和家家的托事过程他们都是把102拆成了100+2的和
1	同学们好我是昌平区南口铁道北小学的赵老师
5	他的这种写法谁见过
1	课下就带着我们的问题和思考再去测量再去尝试你一定会有更多的收获
5	那么通过今天这节课的学习你有什么收获呢
5	要解决这个问题你是怎么想的
5	屏幕前的同学们你们发现了吗请大家认真观察从哪儿到哪儿是一眨呢
1	我同意你的发现而且我还发现两个竖式的每一步都是相互对应的
0	同学们观察的真仔细说的都有道理我们先到饮料区去看看吧
6	利用数位顺序表选择其中的几张数字卡片组成一个数让其他同学说一说你组的数表示什么意思
1	回顾前面的活动我们发现分一分就能用已经学过的知识帮助我们解决问题了
5	问题三文文买水果花了多少钱
1	我发现不管是整10数成绩还是整百数乘几都可以先盖住它们后面的0先算几乘几然后在鸡的末尾天灵就可以了
5	谁愿意来分享一下你的研究成果
0	同学们的讨论真精彩呀
5	你是怎么理解满10进一的呢
5	芳芳首先说出了自己的疑问小雨把这些大数都换了一种写法用了万字或亿字这样可以吗
1	课后请同学们继续找一找身边还有哪些物体的个数是一2345和家人说一说好了今天的课就上到这里同学们再见
1	我们先分了分分成几部分然后用乘法算出每部分是多少再把几部分合起来就能得到最后的结果了
1	东东关心的是天天一家5口人早上一共喝了多少升牛奶
1	你们看只要记住身上尺子的长度当我们身边没有尺子时我们就可以用身上的尺子帮助我们测量了
1	豆豆提出的问题是这块正方形地砖的面积是多少平方米
5	在今天的学习中大家又有了哪些新收获
5	同学们这节课我们学习的是小数乘整数你有哪些收获
1	观察这三个算式你有什么发现吗
6	我们来一起分享交流一下
5	大家有想法吗
5	那小数乘整数的竖式怎么写呢
5	读完了第一个数其他的三个数怎么读呢
5	快来看一看母相承为法子相成为实实如法而一屏幕前的同学们你们看懂了吗
5	同学们你想对正在比赛的同学说些什么呢
5	第二题王叔叔骑自行车去健身平均每分钟行驶243米两分钟能行使多少米
6	今天的作业是数学书第五页练一练的第一题和第三题
6	让我们也尝试着分一分算一算请你先尝试分一分再算一算
1	请看我的作品我们知道一盒牛奶1/4生求天天一家5口人一共喝了多少升牛奶就是求5个1/4的和可以用乘法计算具体来说就是用一盒牛奶1/4升×5就可以了列式为1/4×5然后把分子和整数相乘的积做分子分母不变所以1/4×5=1/4×5等于5/4升也就是在求5个1/4
1	家家说我比较的是北京和重庆的人口数量
6	亮亮解决的是灯笼的问题听听他怎么说的
1	今天的数学课我们要认识一2345需要同学们准备好以下的学习用具5根小棒5个小方块和5个圆片如果没有也没有关系一会用到的时候同学们可以画一画
5	好了那下面让我们看看同学们是如何解决的
1	同学们在后续的学习中数位顺序表10进制计数法还会帮助我们解决更多的问题
5	唉不对啊同学们同一个问题怎么会有三个不同的答案呢
6	现在请你仔细观察观察同学的做法你发现了什么
5	快来说说你是怎么算的
5	9.9是99个0.10.4是4个0.199个0.1×4个0.1的积为什么不是396个0.1而是396个0.01呢
6	再听听其他同学的想法
6	我们一起来交流交流
1	琴琴以前觉得乘法分配律只适用于整数通过刚才的交流发现小数好像也同样是用乘法分配律
0	丽丽说的真好
6	比较下面几种鲸鱼的体重并按从重到轻的顺序写上序号
6	我们来分享一下
5	同学们请看屏幕从图中你都了解了哪些数学信息呢有什么想研究的数学问题吗
5	你们做好上课的准备了吗我们的课马上就开始了
1	10万20万30万40万50万60万70万80万90万100万满10向前一位进一这个一就表示100万他所在的数位就是百万位
1	课前同学们回忆了学过的整数运算定律的知识并用自己喜欢的方式来说明其中的道理
5	能用竖式独立解决吗
0	说的对呀4根小棒可以表示4个人四盆花4个字4只小鸟
6	我们先来听听苗苗的想法
1	小雨觉得阳阳发现的规律是对的个位后面是10位万位后面就是10万位10位后面是百位10万位后面就是百万位百位后面是千位百万位后面就是千万位
0	这个发现很有价值
0	两个同学很会思考有了自己的想法
1	"我同意芬芳前面两个数的读法既读出了计数单位又读出了计数单位的个数我觉得第四个数读成1	000	170更好一些因为读出这个0可以提醒我们百位前还有千位呢"
6	我们一起来看看他又是怎么想的
1	作品二是我的我把12写在上面接着把4对着12的2写在个位上
1	苗苗和他的想法一样他还补充道小亮喝了4/5就是喝了4个1/5我们已经知道了求350的1/5是多少就用350×1/5那350的4/5就是4个350的1/5也就是4个350×1/5所以可以用350×4/5来计算
0	佳佳同学敢于提问勇于思考真会学习
6	同学们都完成了吗那我们来交流交流先说说自己是怎样估计的再说说你是怎样测量的
0	同学们总结的真全面通过帮明明整理房间我们知道啦要先确定好标准再分一分
6	所以今天的作业就是一寻找生活中的大数读一读写一写
6	这是今天的作业
1	强强是这样做的
6	那让我们一起来看一看怎样测量全长吧
5	这样可以吗就像丁丁说的同学们可以先想象一下如果把第二条和第三条摆直了会是什么样呢
1	噢我明白了原来一个0.1×一个0.1是0.01那99个0.1×4个0.1得到的就应该是396个0.01所以结果是3.96
6	我们来看看大家都是怎么表示的吧
5	你同意明明的想法吗给你哪些启发
5	完成了吗
1	芳芳觉得数学可真有用能够解决很多生活中的问题
1	家家组的数相邻两个数位上的数字是相同的但由于数所在的位置不同所以它们表示的意义却不相同比如这两个4分别代表4个千万和4个百万
1	丽丽很快就发现了原来我们身上的闸和舵可以当尺子用啊
1	噢你们通过观察第二条和第三条两个拐弯部分也能帮助我们解决问题
1	今天的课我们就上到这里同学们再见
1	林林说他知道了求一个数的几分之几是多少可以用乘法计算
5	屏幕前的小朋友们快拿出你的尺子看一看刻度尺上这些数叫做刻度多了个0它有什么作用呢
1	小雨说我觉得两个挨着的数位它们的计数单位是有规律的比如10万和百万10万位上10颗珠子才换百万位上一颗珠子千万位上10颗珠子才换亿位上一颗珠子
1	我先用3.4+2.8算出一千克苹果和一千克橘子一共6.2元也就是这两种水果单价的和
5	乐乐的计算结果你同意吗
5	如果我们把因数里小数点的位置变一变你还会算吗
6	请你挺直小腰板眼睛向前看伸出小手和老师一起做一做
1	我是这样计算的1/5×1/2=5×1/2×1=1/10
1	豆豆说我知道了黄豆营养很丰富蛋白质含量约占2/5糖类含量约占6/25脂肪含量约占1/5水分含量约占1/20做豆浆时我发现家里有5/8千克黄豆我想问5/8千克黄豆中蛋白质的含量是多少千克
6	好下面就让我们开始研究吧
6	请开始
1	具体来说就是用每分钟行全程的1/10乘3分钟就可以了列式为1/10×3
1	大家看花瓶和大楼的高度前面的数虽然都是30但是填上单位以后30米高和30厘米高可太不一样了
1	方法作出了回应或同意洋洋的说法两个竖式的计算过程是一样的不同点是左边的数是写出了两部分相加的过程右边的竖式直接写出了家的结果更简单一些
6	快来看看我们的奖品吧
1	要是改写为以万做单位的数就可以直接去掉这4个数位上的0201亿的个级和万级共有8个数位改写为以亿作单位时就是去掉了个级和万级数位上的8个0
1	东东认为要想知道小明三分钟可以行全程的几分之几也就是求三个1/10的和可以用乘法计算
1	你们看从脚底到发放胸口的距离大约是一米从脚底到立立胸口下一拳的距离大约是一米
1	看用积的变化规律帮助我们理解了计算方法背后的道理
5	大家想的和痘痘一样吗
5	同学们你们能解决吗
5	看阳光社区的花坛里左面有花右面也有花那一共是几朵花呢
6	可乐乐在解决问题的过程中遇到了一点小麻烦我们一起来看看
5	看看在解决过程当中啊你会不会有什么新的发现
5	对于这两位同学的读法你有什么看法呢
1	正像你们估计的那样比九大接近12
5	有位同学是这样做的你们觉得怎么样
1	同学们你们看我直接就写出了结果也就是4个21元是84元
1	原来是在列竖式的时候把3.1写成了1.3正确的结果是12:09这就是房间地面的面积
1	东东对林林的做法感到不理解为什么可以用350×1/5呢
5	屏幕前的同学们你们也是这样想的吗
1	我先画一个大正方形表示一把它平均分成10份其中的一份就是0.10.1×0.1就是再将0.1平均分成10份求一份是多少从图中我们可以知道这样的一份是0.1的1/10是一的1/100所以0.1×0.1的结果是0.01
5	你同意洋洋的说法吗
6	开始吧
5	屏幕前的同学们大家看明白了吗
1	再用4去乘2010位上的2得到8个10把8写在横线下面的10位上与上面的二对齐表示的是4个20元是80元
1	我们看天天依然采用了画图的方法他说我把长方形看作一每份就是2/9一共有4个2/9所以4个2/9也就是8/9因此2/9×4=8/9说明爸爸4分钟行全程的8/9
1	我发现有规律这个因素有几位小数乘得的积就有几位小数我就可以给积点上小数点了这时再把小数末尾的0去掉
6	接下来我们继续观察
6	那下面就让我们结合具体问题尝试解决一下这样的分数成整数的问题看看同学们是否会有新的收获
1	再求盒子外面这三卷彩线是多少元也就是三个2.5是多少最后把它们的积相加也得到了107.5元
2	你们不仅找到了齐读这个好办法还讲清了其中的道理真了不起
6	大家不妨试一试吧
5	同学们通过这节课的学习你们有什么收获吗
5	每包40本5包一共多少本呢
1	天天有办法可以帮助琳琳
1	请屏幕前的同学们把课前准备好的图片拿出来摆一摆分一分吧
1	通过同学们交流我知道怎么继续写了你们看我已经把4×2得到的8写在各位了接着应当采用4去找10味的一14得4把4写在8左边的10位上就可以了
1	看这是星期天的公园可真热闹呀有卖糖果的食品店有种树的小朋友们还有坐船的一家人也有同学们都喜欢玩的碰碰车
6	请文文来说一说吧
6	假如跳的圈是这样的请你观察我们也听一听君君的说法吧
1	我还有一种方法把12分成10+2一部分是三个10一部分是三个2用到了整10数乘1位数的方法先算10×3=30再用2×3=6最后把30和6加起来就得到12×3=36
5	贺阿姨和刘阿姨也想买一些香蕉他们一共花了多少钱呢
6	同学们都画好了吧我们一起来欣赏
0	他的方法很好值得大家借鉴
5	你们看看这回乐乐改对了吗
6	听了他俩的讲解东东也有话要说我们一起听一听
0	亮亮真会学习不仅能认真倾听同学们的回答还能自己产生疑问那对于这个疑问你是怎样想的呢
6	怎么样你记住这几个数朋友了吗下面我们就做个小游戏摆一摆想一想
1	我觉得洋洋的说法不准确有的两位数可以拆分成几乘几有的就不行例如1317就不行
1	同学们你们找到这些身上的尺子了吗的确身高脚长全长都可以当做身上的尺子看来我们身上的尺子还真不少
1	我们再从计数单位的角度来看一看他们的乘积都计算出了有6594个计数单位因数中一共有一位小数算出的积就是多少个0.1所以积是一位小数
6	请用你喜欢的方式解答
5	我们来看看同学们都有哪些关心的问题和你的是否一样
1	芳芳说这篇稿件中有很多特别大的数它们的末尾都有很多个0我不能一下子就读准确所以我就把这些数按照4位一级进行了划分这样找准数位后就能读准这些数了
5	同学们如果身边没有尺子我们怎样才能知道这棵大树有多粗呢你们有办法吗
5	你们也是这样想的吗
1	前两节课我们学习了怎样计算小数乘法今天要继续解决和小数乘法有关的问题
1	1/5×1/2表示求1/5~1/2是多少1/2就是一半我想了想1/5的一半应该就是1/10所以呀1/5×1/2=1/10而且我和东东的计算结果是一样的0.1就是1/10
6	大家学得真不错我们继续来挑战吧你都看到了什么自己先说一说
6	让我们一起听听芳芳的解释
1	同学们在以后的数学学习中我们会经常用到数一数数画一画图的方法解决问题呢
1	是的爸爸4分钟可以行全程的几分之几就是求4个2/9依然可以用乘法2/9×4来解决
1	比如112中的两个1一个表示一个10一个表示一个百
1	5位小朋友5只小鸟5根小棒它们的个数都是5都可以用5来表示有的同学还发现我们的一只手正好有5个手指
1	天天提出了疑问唉为什么分母不变分子乘整数的积做分子呢
6	请同学们拿出学习单借助下面的例子想一想写一写验证并说明在整数运算中学过的运算定律在小数中还能用吗
1	嗯看到小数3.2×3我不会算我就想用学过的方法把它变成我会做的整数乘整数3.2×10得到3232×3=96那3.2×3肯定不是96刚才是3.2×10现在96就得除以10了才是正确的积
5	可是65.6也超过6了超过6就一定正确吗
6	同学们下面让我们一起来放松一下来做个课中小游戏吧
5	在这个过程中你有什么发现呢
5	屏幕前的同学们大家看懂了吗
5	都是计算要花多少元这两个问题有什么区别
1	同学们通过今天的学习相信你们对小数乘法又有了新的认识和理解
0	对啦2×3等于6人
1	琳琳想到了用小数乘法表示他说三个0.3的和可以用乘法计算所以可以写成0.3×3
5	我听到有的同学说练习本薄字典后你是怎样判断的
0	相信你们一定能够完成的特别好
5	通过有序观察我们有这么多发现你想提出什么数学问题呢
6	佳佳也想用芳芳这样的方法来改写但他遇到了困难我们一起来听听他遇到了什么困难吧
5	同学们你们量完了吗让我们一起来看一看这三位同学的测量结果请你认真观察你有什么发现吗
1	我看懂了一号作品先把231拆分为一个一三个10和两个百然后分别计算
5	350×1/5算的是什么呀
1	一个0.01和一个0.1相乘七是0.0013.14从2.1表示314个0.01和21个0.1相乘积应该是6594个0.001所以3.14乘2.1=6.594
6	大家都想好了吗一起来说说吧
1	强强说我先算出一千克橘子和一千克相交的总价钱再乘1.5求出文文花了多少钱
5	同学们你们知道中国航天事业飞速发展的历史吗
1	军军看到了墙上有七巧板七巧板是有很多图形拼成的看军军用七巧板拼出了小狐狸和小兔子军军还发现黑板上有很多的图形
5	你们听懂他说的了吗它是怎么整理的呢
1	根据整数混合运算的运算顺序有小括号的应该先算小括号里的再算小括号外面的
1	整百数乘一位数可以把整百数看成几个百几个百乘几得到多少个百就是几百
5	为什么要在鸡的末尾添上一个0或者两个0呢
1	350/5×15和350可以约分5约成1350约成70等于70毫升所以小方喝了70毫升的矿泉水
1	如果乘积超过两位小数我们就按四舍五入法保留两位小数估算精确计算取近似值都能帮我们解决生活中的问题它们各有各的作用可以根据需要合理选择
1	"每一集就按照原来学过的万以内数的读法去读在末尾加上那一级的单位就可以了读法是3亿6	100万"
1	芳芳说我不仅学会了比较大小的方法还明白了方法背后的道理
1	小丽说我发现他们都是当比较位数不同的两个数的大小时位数多的数大
6	有的同学已经判断好了第一条最短第三条最长听听同学们是怎么想的
5	应该怎样解决呢
1	强强通过看图知道了苹果橘子香蕉的单价还知道香蕉正在搞促销活动每千克降价两元也就是香蕉的单价降低了两元
0	老师为大家点赞我们一起解决了数学书的长度问题
6	同学们我们也来试着做一把长尺子吧请同学们把彩纸或a4纸裁成纸条用这些纸条做一把长尺子再用它测量一下门的高度把尺子的长度和测量结果记录下来
1	相信细心的同学也会有同样的发现我们可以用括号表示出使用了结合律
1	"我们先把书分集一级代表有多少个亿万级代表有多少个万各级代表有多少个一以第一个数为例读作3	787	588"
0	对九朵花在天上一朵花合起来就是10朵花了
0	好了同学们的方法可真丰富
1	同学们要结合具体的问题多观察多思考选择合适的方法解决问题
1	痘痘发现在学习数学时如果能多了解一些数学史可以帮助我们更好的理解数学
6	让我们听听同学们的想法
6	我们一起来交流一下
2	嗯这位同学认为数学会研究跟图形有关系的秘密呢
1	第四个数是一个百万一个百和7个10读成100万170还是100万零170我有点拿不准
2	琴琴在解决问题的过程中能灵活选择估算和精确计算的方法强强通过观察比较数据补充了新的想法同学们都很会学习
1	强强说我同意琴琴做的这道题的运算顺序是第一步先算小括号里的加法第二步计算小括号外的乘法第三步计算小括号外的减法
6	下面就用学到的知识一起帮助明明整理一下床上的这些衣服吧
1	苗苗认为倒出的水是800×5/8等于500毫升
6	比一比想一想看看你有什么发现
5	屏幕前的同学们你们有想法了吗
1	我们再看左边的托市乐乐也得到了0.1×0.1说明他在心中也运用了乘法结合律但在算式中没有表示出来
6	这节课同学们学会用以前学过的知识来解决新问题希望在以后的学习中还能这样去学习
5	看来用乘法表示真的很简便呢你有这种感受吗
1	连连说啊我知道了同学们平均每小时能清理这块草坪的1/5我想问照这样计算两小时能清理这块草坪的几分之几
1	你看芳芳说组数游戏的时候我们的卡片是相同的但组出来的数却不一样
1	我的第二种方法是把17拆分成10+7然后10×3=307×3=21最后把它们合起来是51我发现拆分成第二种方法要比第一种方法计算起来更简单呢
1	小丽说当然可以啦广播稿里那种写了好多0的数和小于标的数只是写法不同但他们都表示3万
6	接下来我们一起来玩个组数游戏吧
5	如果想好了一种分法再想想还有没有第二种分法开始吧
5	我们来看看同学们都有哪些关心的问题和你的是否一样
1	我们按照分级整体看在读的方法可以看出每集末尾的零是不读的几首和中间的0是要读的其实这和以前我们学习过的万以内的数读法是差不多的
1	我觉得这道题和我们上节课的知识是类似的上节课我们知道一瓶矿泉水是350毫升喝了4/5酒喝了多少毫升就是求350毫升的4/5是多少用乘法计算这节课的这道题只是把350毫升换成了1/5意思是一样的
6	今天刘老师想请你当一位红领巾广播站的小广播员播送这篇稿件的内容请你试一试吧
1	这节课就让我们在解决问题中看看对这些运算定律又会有哪些新的思考
1	对梨这边翘起来了苹果这边沉下去了所以苹果比梨重梨比苹果轻
0	屏幕前的同学们你一定也是这么想的吧
5	大家有什么收获吗
6	快来运用这些方法任选路线夺取上面的红旗吧
1	人民币的最小面值是分所以在实际付款时只需要计算到分因此以圆为单位的小数就要精确到百分位也就是应用四舍五入法保留两位小数
1	乐乐反思自己的计算过程有一些想法
1	求2/3小时能清理这块草坪的几分之几就是求一小时工作量的2/3是多少我们知道同学们平均每小时清理这块草坪的1/5也就是求1/5的2/3是多少可以用乘法计算所以我的列式是1/5×2/3
1	苗苗说我想到了如果不到一小时还能求吗所以我提出的问题是照这样计算1/2小时能清理这块草坪的几分之几
1	同学们种树可以美化我们的环境我们都应该参与到种树的活动中来
1	我也用到了元角分的知识3.2元等于32角这样就可以转化为整数乘法了32×3=96角再把96角换算成9.6元
6	屏幕前的同学们接下来让我们轻松轻松一起做个课中小游戏
5	既然我们求出了小芳喝了多少毫升的矿泉水那同学们现在你能求出小亮喝了多少毫升的矿泉水吗
1	再用4去乘2010分上的2得到8个10是80写在字的下面表示的是4个20元是多少
1	所以五角星盖住的数再大都不够10亿所以这两个数的大小跟五角星盖住的数的大小无关
1	亮亮有了想法大家看我把苹果和梨也放上面是不是就一目了然了
6	同学们你们量完了吗让我们一起来看一看
5	好吧那我们今天的课就上到这儿了对此你有什么收获吗
6	请大家把倒出的水在图中标出来再来看一看
1	我发现我们可以用多种方法解决问题而且他们都是先拆分成几部分再合起来
6	我们听听林林的认识
0	同学们真会思考
6	老师收集了一些同学的作品我们一起来看看吧
5	同学们都改写完了吧
1	芳芳说我发现改写为以万为单位时可以去掉个级的4个0再写上万字改写为以亿为单位时可以先去掉个级和万级的8个0再写上亿字
1	上节课我们一起研究了小数乘法计算这节课我们一起来研究小数乘法的新问题
2	同学们你们用了两种不同的方法说明了其中蕴含的道理就像你们说的那样这两种写法虽然不同但都可以表示3万我们可以用等号连接
6	请你借助物体的边或直尺画一条线段再量一量它的长度
6	我们一起回顾一下小数乘整数咱们是怎样计算的呀
5	我认为是小数点出了问题可我还没有想明白这是怎么回事呢同学们你们知道问题出在哪了吗
1	东东说我知道了分数乘分数的计算方法
1	先看看最高位发现最高位上的数都是一表示这两个数都有一个千万说明在千万位上这两个数的计数单位的个数相同
5	想提出什么数学问题吗
0	你们的生活经验真丰富
5	屏幕前的同学们这些问题大家能够解决吗
2	是呀在跑步时有的同学跑得快有的同学跑得慢通过比较三位同学在赛道上的前后顺序我们就发现了他们跑步的快慢不同
1	所以再把2490÷100得到4.98×5的积是24.90
5	操作完了我看到同学们更精神了生活中我们还能比较什么呢
1	我还写出了这样的书式而且也能用人民币把道理讲清楚
6	同学们相信你一定也有了自己的收获让我们用今天学的经验去解决生活中的问题吧
1	这说明以前学过的乘法交换律和结合律也适用于小数
6	这节课刘老师为大家带来了一个买皮带的故事我们一起来看看吧
5	有的同学摆出了一个圆片还有同学摆出了一根小棒他们这样表示可以吗
5	同学们你们同意军军的想法吗豆豆也想到了用土量一量它量了一坨之后还多出来这样一小段那多出来这小段怎么办呢
1	同学们听清楚他是怎么说的吗这是用乘法来表示的
0	同学们你们能够在学习中不断思考不断提出新的问题真了不起
1	这样看来画图可以帮助我们解决这个问题
5	同学们想一想今天学习的三位数乘一位数和上节课学习的两位数乘一位数的计算方法有什么相同的地方吗
0	豆豆真是个善于学习的同学
1	佳佳说老师听了前面同学的想法后我发现更大数的比较跟万以内数的大小比较方法是一样的
0	希望大家带着这些问题利用课下的时间去寻找答案吧
1	同学们你们好我是北京小学丰台万年花城分校的戴老师很高兴能和你们一起走进数学课堂
1	我觉得这两位同学的读法都可以
5	这时还能估算吗
5	说得真好你还有什么新想法吗
1	新学期就要开始了为了丰富同学们的课余生活三年级一班的班主任老师准备为同学们添枝4个足球
0	他们表达的真清楚
1	"故宫博物院的年客流量达到了1	900万人次月球形成的时间可以改写为45亿"
1	看草地上小动物都在做什么小鹿和小猫在玩跷跷板小猴子摘了很多香蕉和桃子很开心
1	天天说它根据分数的意义用以前的方法验算了一下350÷5×4也是280毫升所以小亮喝了280毫升矿泉水
0	你们的发现真有价值
5	你们觉得小雨的发现正确吗
1	写书的时候所有的0都要写出来而读书只读级首和其中间的0级尾的-不读
1	东东回应道我比较喜欢数学文化如果你也喜欢课下我们可以一起阅读有关数学文化的内容
6	那我们再来多看一些算式看看我们刚才的办法还行不行
1	在古罗马没有进位制古巴比伦人用60进制古玛雅人用20进制现代计算机中采用的是二进制只有一和0两个数字
1	芳芳说这个数是由9个千万9个百万两个10万6个万和4个千组成的
1	用3.1×2=6.2200克牛奶含有蛋白质6.2克鸡蛋有120克120÷100把120的小数点向左移动两位=1.214.8×1.2
0	说得真好我们找到这么多个数是二的物体下面请同学们站起来从你的身上再找一找有什么个数是二可以用二来表示呢
5	小敏想买这个书包和这个订书器同学们快说一说这两样物品分别在什么位置
5	同学们再观察观察你还有什么新发现吗
1	同学们刚刚我们一起走进了社区我们按照一定的顺序观察了社区里有什么人们在干什么
1	乐乐提出了一个问题是不是以前我们学过的适用于整数的运算定律都适用于小数呢
1	林林说以前我知道求一个数的几倍是多少可以用乘法计算现在我知道了求一个数的几分之几是多少也可以用乘法计算
5	你觉得是这样的吗
1	这是琳琳的解决过程琳琳说2/9×4啊就表示4个2/9按照同分母分数相加的方法分母不变分子相加就行了所以得到了结果是8/9也就得到了爸爸4分钟行全程的8/9
6	我们一起来看看这几幅作品
1	上课前请你准备好10根小棒如果没有也没有关系学习的时候你可以画一画也可以借助你的小手帮忙
1	每包40本5包一共多少本就是求5个40是多少
1	相信同学们通过今天的学习能更好的解决生活中的比较问题
2	就像丽丽说的这样跷跷板翘起来的一边小猫精沉下去的一边小鹿粽所以小鹿比小猫重小猫比小鹿轻
5	数学在你的心里是什么数学的学习有意思吗
5	谁来说说你是怎么算的
0	看来这节课大家都收获满满呢
5	我们会用行式记录计算的过程了还有其他的方法也能记录计算过程吗
1	我们已经认识了两个长度单位米和厘米下面我们来解决一些生活中的问题吧
0	你讲的真清楚一边思考一边尝试我们的学习就应该这样
1	丽丽还看到有两个小朋友在看宣传栏里的字呢
5	看同学们利用休息日来清理草坪了从图中你了解了什么数学信息
1	我是这样想的把两个因数分别乘10算式也就变成了1×1积是1积会扩大到原来的100倍再将7÷100也就是把一的小数点向左移动两位得到0.01所以0.1×0.1=0.01
5	同学们你们知道这样计算的道理吗
5	有和他的想法一样的吗从上衣下衣这个角度观察思考进行分类也是可以的
1	"芳芳说我还想100万100万的数3	720万3	820万3	920万4	020万4	120万4	220万我还可以继续数呢"
6	我们一起说一说
5	那第二个问题大家能解决了吗
1	这节课我们就上到这儿同学们再见
0	前两个同学都是用连加的方法解决的特别好理解
0	嗯豆豆说的真完整
5	阳阳说我想以万或者亿为单位把这些大数改写一下可以吗
6	用下面的7张数字卡片按下面的要求摆一摆
5	在测量身高的时候我发现有的同学是这样量的请你们认真观察他们的测量方法你们有什么想说的吗
0	学到这儿我们一起研究了12×4和21×4的数是明白了其中的道理同学们真棒
6	再来听听冬冬的想法
1	我用了估算的方法3.9接近整数43.1接近整数34×3=12房间面积大约是12平方米不会是5:07
1	"这是芳芳的想法它在佳佳的基础上除了发现10个10万是100万还发现10个1万是10万10个100万是1	000万10个1	000万是1亿"
1	我们在感受10万有多大时都是先找到一个较小的数量作为标准然后再推想出有多少个这样的标准就是10万那么大了
1	我知道第三幅作品什么意思这个作品和第二个作品一样都把石榴拆分成两部分这里是把16拆分成10+6先用10×3=30然后用6×3=18最后把它们加起来结果也是48
5	同学们你们和佳佳读的一样吗
1	佳佳说这几幅图中的数都好大呀
1	在乘4盒又一次说明乘法结合律适用于小数而且这样计算更加简便
6	让我们带着这样的思考继续尝试一下吧开始吧
1	我们看这是天天的解决过程天天按照刚才总结的算法用分子与整数相乘的积做分子分母不变算得结果为24/4
5	观察这三个算式你有什么发现吗
1	对是6个0.01积就是0.06
1	从图中也可以看出它是0.01的1/10是一的1/1000所以0.01×0.1等于0.001是正确的
1	1/10×3表示三个1/10所以我把它还原成加法思考因为是三个1/10的和分母表示平均分的份数分子表示分数单位的个数所以分母不变分子相加就行了三分钟可以行全程的3/10
1	是啊同学们今天我们用学过的旧知识解决了新问题感受到了知识之间是有密切联系的相信这些宝贵的学习经验会对你今后的学习有很大帮助
1	同学们你们看爱思考的天天在生活中也有了新的发现假期里天天的爸爸准备给家里的客厅铺地砖他选择了两款地砖a款是边长是1/2米的正方形地砖b款是长4/5米宽3/4米的长方形地砖
2	你们解释的真清楚借助小棒和学过的表内乘法就解决了问题
1	同学们我们顺利解决了小芳小亮喝水的问题还求出了空中护旗队的直10武装直升机的数量
1	我把14拆成7×2每份是两个7有这样的两份先算两个7的和是14再算14+14=28我又自己画了画还可以把14拆成2×7每份是两个2有这样的气氛先算两个2的和是4再算4×7=28都得到了14×2=28
5	根据图中信息你能提出什么问题
1	阳阳说我掌握了将大数进行改写的方法改写后的数读写起来都变得简单了
0	你真会学习倾听别人的想法就能完善自己的思路真不错
6	我们来交流一下
6	我们先来看看文文是怎么解决这个问题的
6	请你仔细观察你看一看他们都在干什么呢开始吧
1	我发现这些算式的因数都很像后三个算式都可以转化为314×21所以我在积的位置上先写上6594然后再看最终结果是多少
5	怎么样比出来了吗
2	同学们借助整数运算的经验在解决购物问题的过程中理解了小数混合运算的方法认识了中括号了解了中括号的作用也知道了含有小括号中括号的混合运算的运算顺序
6	连一连先观察图上都有些什么
1	先缘分能够让计算过程中的计算量降低
1	112可以拆分成两个一一个10和一个百
6	许家的另一幅画中又能比较出什么呢
6	我们再看第二组
1	佳佳说我们之前数过小方块这是一个一10个一是一个10这是一个1010个10是一个百这是一个百10个百是一个千这是一个千10个千是1个万
1	想一想你的生活中哪些事物可以比一比可以摆一摆物品画一画图再把你的想法说一说
6	再来欣赏一下许佳同学的作品
5	写好了吗
1	这幅作品的小作者说我用一根小棒表示一个一两根小棒就是两个一是2要是有3万根这样的小棒就是3万个一了可以用3万表示
6	先来听听林林的想法
5	壮壮说我也用这个办法掂了掂苹果和梨感觉他们的轻重差不多比较不出来呀怎么办
0	同学们都能结合自己画的图讲清了道理真不错
1	"接着是6个千万一个百万合起来是6	100万后面的数位上都是0我觉得就可以不读了所以读法就是3亿6	100万"
5	为什么它的算式里有两个小括号呢
6	让我们来看看大家的做法
6	同学们都完成了吧谁来与大家分析呀
1	当然能约分的可以先约分再计算出得数
1	芳芳说我同意这两个数都是10位数比较最高位上的数5大于4所以第一个数要大
1	连连说啊听了同学们的交流我也知道了分母5×2的积表示把单位一平均分成10份可以知道分数单位是1/10分子1×1的积表示有一个这样的分数单位看来画图真的可以帮助我们解释计算的道理
1	痘痘是这样说的1/10×3计算的是三个1/10的和分母表示平均分成的份数决定了分数单位相同加数情况下分数单位相同所以分母不变只需要将分子求和
5	借助刚才的经验接下来的两道题你会用竖式计算吗
1	这回我们听明白了这道题不仅能用连加的方法解决还可以用乘法计算先分一分每一份都能用乘法口诀计算再把两部分加在一起就能得到最终的结果了
5	下面我们来看看卫生老师带来的一个营养小知识你了解到了哪些数学信息想提出什么数学问题
1	通过对计数器的操作在原来5个数位的基础上又认识了新的数位10万位
5	其他同学会有什么新的发现呢
1	有了刚才的经验我是这样算的21×3先用3去乘20一个位上的一一三得三大三
1	豆豆回到家后也像你们一样测量了它的一坨和一爪的长度它的一坨长1米30厘米一眨长15厘米那么它的两扎长就是30厘米再和一坨长1米30厘米合起来一共是1米60厘米看来这棵大树有1米60厘米那么粗
1	再用橘子和香蕉的单价和6.4乘数量1.5算出文文买水果花了9.6元
5	大家都做对了吧你们有什么发现吗
5	那么对于8844你有哪些认识呢
1	把3.2看作三2:05看作二3×2=6两个因数都是王小姑地毯的面积肯定要超过6平方米
1	学校是个大家庭你们在做游戏的时候不仅能学到很多数学知识还能交到很多好朋友呢
1	同学们你们发现了吗看大家的课余生活多么丰富啊
1	在有小括号的算式里要先算小括号里面的再算小括号外面的
0	同学们刚才用自己已有的知识借助不同的方法计算出了1/5×1/2=1/10特别是有的同学能够用画图的方法解释计算的道理你们可真棒
5	看到这本书的题目你们有什么好奇或想问的吗
1	我发现他们都可以拆成几加几然后使用乘法口诀进行计算看16可以拆分成9+713可以拆分成6+7
6	我看同学们都已经有答案了一起分享一下吧
1	20×3我们还没有学过但我们可以用小棒摆一摆我先摆两捆小棒表示第一排的20人第二排第三排也是个百灵魂那就有这样的三份
1	同学们通过刚才的分享交流相信你们对于运算定律有了更清晰的认识
2	大家不仅学会了大数的读法和写法还找到了他们的共同之处这是数学学习的好方法
1	在想这个小数是乘10×100还是乘1000呢就知道7是该除以10除以100还是除以1000了这时我就可以给积点上小数点了再去掉小数末尾的0
6	有想法了吗我们来交流一下吧
0	感兴趣的同学课下可以试一试
5	现在大家对于如何计算小数成小数是不是已经有了一些感觉了
1	就这样我们发现每相邻两个计数单位之间的进率都是10这就是我们的10进制计数法
1	强强发现这三个算式的运算顺序不同计算结果也就不同了
1	你的想法很直观我的术式很简洁其实咱俩都是按照把相同单位的数分别相加来思考的
1	无论是根据积的变化规律进行计算还是结合小说的意义进行思考这两种方法都是先把9.9和0.4这两个因素看作99和4按照整数乘法进行计算
1	天天却以为倒出的水是800×3/5等于480毫升
6	下面让我们再看看林林的方法
1	"芳芳说我也发现青海的人口数量最少因为它是7位数7位数的最高位是百万位它不够1	000万其他几个数都是8位数已经超1	000万了"
5	通过这节课的学习你有哪些收获吗
5	问题一乐乐买水果花了多少钱
1	同学们千万不要小瞧这个一呀它可以表示很小很小的物体小到一颗小豆子也可以表示很大很大的物体比如一个地球
6	我们听听琴琴和强强的想法吧
6	同学们是不是轻松多了那我们继续来学习吧
1	100×3是一个百×3得到三个百是300600×4我把600看成6个百6个百×4得到24个百是24008×700可以把700看成7个百7个百×8得到56个百就是5600
6	请你自己尝试将下面的这些数改写为以万或亿为单位的数并想一想在改写时你有什么好办法
1	"常住人口约21	542	000人全年公共电气车客运量31亿8	975万人次首都机场运送旅客1亿100万人次平均每日生产移动电话247	387台显示器11	005台"
1	同学们好我是来自皇城根小学房山分校的刘老师很高兴和大家一起上一节数学课今天我们一起来认识厘米
6	首先我们先来看看天天的想法
5	同学们讲的可真清楚请你认真观察这些方法我们是怎么计算的
1	芳芳说我是这样想的我们一个班大约是40人10个班就是400人250个班就是1万人2500个班才是10万2500个班好多的人呀
6	你们看屏幕上留下了一些线这些线在数学上叫做线段请你仔细观察观察说说线段是什么样子的
1	就是求两个4元相加的和
6	你们喜欢坐船吗丽丽就很喜欢而且它还解决了这里的坐船问题听他是怎么说的
1	这三种食物的蛋白质含量120克鸡蛋大于200克牛奶300克南瓜含的蛋白质最少
1	看来整千数乘一位数可以先算一位数乘整千数零前面的数然后在鸡的末尾添上三个0
1	我们也可以借助数位顺序表来看我把这些数放在了数位顺序表里借助数位顺序表可以看出各级的个位10位百位千位这4个数位都在万位的后面
1	北京奥运会上主体育场有8万个座位比赛期间还可以临时增加2万个座位这样共有10万个座位8万个座位加上2万个座位就是10万个座位
6	请在学习单或练习本上写一写吧
0	请同学们为甜甜点赞它不但能够用米尺测量出一米长还能够用米尺上的刻度更准确的测量出门的高度
5	前面学习过的经验是不是能够给我们一些启发呢
0	观察的真仔细
5	屏幕前的同学们林林的想法和你们的一样吗
2	同学们真会学习在解决新问题时联想到了已经学过的旧知识找到了新旧知识间的联系
5	还有不同的想法吗
6	再来听听天天的想法
1	再来看乐乐的竖式按照整数乘法算出的积是396可是把小数点对齐积就变成了39.6相当于只把396÷了10我认为应该除以100才对
6	接下来让我们再利用计数器拨一拨数一数吧
1	同学们说完了吗书包在货架的第三层我们从左数一2小敏想买的书包在第三层左边第二个
6	小丽也想把自己的想法分享给大家我们来听听吧
1	苗苗说从信息中我知道了蛋白质的含量约占黄豆的2/5要想求5/8千克黄豆中蛋白质的含量是多少千克就是求5/8千克的2/5是多少用乘法计算列式是5/8×2/5=8×5/5×2然后我先进行约分再计算等于1/4千克5/8千克黄豆中蛋白质的含量是1/4千克
1	这是洋洋的作品阳阳是这样想的
6	草地上小狗小猫和小兔在一起做游戏他们排好队要比一比看一个对一个真整齐那它们谁最多谁最少呢你是怎样知道的先自己想一想说一说
1	比如千万和10万中间是百万千万和10万的进率就是100
5	接着他们还要把这两个瓶子分别放到两个包装盒里这两个瓶子分别用哪个包装盒比较合适呢
6	我们先来听听芳芳是怎样想的
1	我用计数器来拨一拨万位上拨一个珠子表示一万拨8个珠子表示8万8万再添一个珠子就是9万9万再添一个珠子就是10万了
5	这是我们刚才在解决问题中用到的小数混合运算观察这些算式你能总结一下小数混合运算的顺序吗
1	给我的启发是虽然12×3没有学过但是通过分一分就把它转化为已经学习过的内容解决了我发现可以用多种方法分一分先用长发算出每部分是多少再把几部分的鸡合起来就能解决问题了
1	但是我还想到方位满时向前一位进一所以把万位上的10个珠子换成了前一位的一个珠子
1	我将这些铅笔8只装一盒那就需要买这样的4盒可以将算式写为1.25×8×4的积
1	多位数有几部分就把它拆分成几个部分用另一个乘数分别成在合起来就得到结果了
1	谢谢同学们现在我知道了不能随便的把数末尾的零全都去掉而是要看清是多少万或是多少亿
1	读数时先分级然后一级一级往下读先读高一级的在读第一集的无论一级数还是万级数都按照各级数的读法来读
5	接下来请仔细观察屏幕上的这些算式你能说说应该怎样计算分数乘分数吗
5	同学们请您仔细观察有什么发现吗
1	佳佳说这个数也包含着万级和个级万级上的数是9926个级上的数是4000
5	你觉得他的方法怎么样呢
6	课外活动时间到了操场上同学们都在进行体育锻炼请大家观察图片看看同学们都在做什么活动
6	下面我们再来看看咚咚的方法还可不可以了
1	我开始时想把13拆分成几乘几但是我发现13不能拆分成几乘几所以把13拆分成了6+7先用6×5=30然后用7×5=35最后把30和35合起来就是65
0	你说的真清晰
6	咱们先来交流地毯面积的问题
1	4.98是两位小数×100才能得到整数4985没变先按498×5算出积是2490根据积的变化规律一个因数乘100另一个因数没变积就会扩大到原来的100倍
6	我们再来试一个吧
1	同学们好我是丰台区丰台第一小学的张老师很高兴和大家一起上课
1	这节课我们就上到这里同学们再见
5	同学们在这一节课的学习过程中你有什么收获还有什么想要思考的问题吗我们来交流交流
5	同学们听了他的想法你有什么问题吗
5	豆豆根据乘法算式的意义转化成小数以后又进行了运算他的方法是不是也可以解决这个问题呢
1	啊今天这节课我们就和他们一起从测量身边物体的长度开始学习吧
1	计算整10整百数乘一位数就用一位数乘整10整百数0前面的数得到多少个10或者多少个百在鸡的末尾添上一个0或者两个0就行了
5	这是三位同学的作品你们都想到了吗你知道它们都是按什么标准进行分类的吗
1	噢用数一数的方法来比较香蕉和桃子一样多也就是香蕉和桃子同样多
1	其实这些方法的道理是一样的都是先拆分再分别算三部分的积最后把积合起来
0	佳佳读得很好正确又清晰
6	同学们完成了吗那我们来交流交流
1	要弄明白这件事儿我们得先弄明白一个0.1×一个0.1是多少
5	还有没有其他的办法呢
5	最后的结果真的是三位小数吗
5	丽丽做的尺子和晶晶的不一样我们听听丽丽是怎么想的
1	在上课之前我们除了要准备日常的学习用具还需要准备a4纸或彩纸安全剪刀胶棒和线绳
1	看来同学们不仅感受到了这些数很大同时还遇到了一些问题
1	右边算是有小括号先算的是3.4+2.8的和求的是一千克苹果和一千克橘子单价的和再乘购买的数量0.5得到的就是乐乐买水果一共花了3.1元
6	军军也有自己比较的方法我们来听听
0	同学们本节课我们通过分一分摆一摆比一比说一说等活动学会了怎么分类大家学得真棒
1	我们写的都对都表示出来满十进一而且我觉得所有挨着的两个计数单位他们的关系跟10万和百万的关系是一样的
1	我计算3.2×3用人民币想3.2元是3元2角三个3元是9元三个2角是6角合起来是9元6角也就是9.6元
6	下面我们来休息休息做做手指操吧
5	既然算式的意义有相同之处那计算的方法和道理会不会也有相同之处呢
5	芳芳说我也注意到了这里的表示我想知道为什么要以千为单位进行改写呢
6	同学们在你身边哪些物体的长度大约是一米呢先不着急想一想再量一量比一比可以开始了
0	同学们的收获可真丰富啊
1	这时雯雯走过来连忙说做游戏一定要注意安全上面的小钢注意不要摔下来下面的小强小心碰到头
0	芳芳真会思考大家也是这么分的吗
1	第二步再计算加法用3.4+1.4得4.8元表示一千克苹果和0.5千克橘子一共多少元与题目中乐乐购买0.5千克苹果和0.5千克橘子不符
5	在生活中我们经常能够见到大树你能读出这些大数吗
5	妈妈让明明自己把房间整理一下大家快帮帮他先来想一想该怎么整理呢
6	同学们不仅有收获还有进一步的思考就带着这些收获和思考继续去学习吧
1	军军看到有的小朋友在玩跳格子的游戏有的小朋友在玩跳圈的游戏有的小朋友在玩轮胎呢
1	小莉说我体会到知识间是有联系的
0	同学们真是善于观察善于发现你们真棒
5	还遇到哪些问题
1	"可以看到13亿亿级是137	053万万级是7053个级是6875依次写出来就是13亿7	053万6875"
1	东东接着琳琳说道我发现从分母相乘的积可以知道新的计数单位分子相乘的积可以表示计数单位的个数
6	阳阳的想法和小丽的一样我们一起来听一听吧
6	天天是用画图的方法解决的我们听听天天是怎么说的
1	我明白了那也就是说整10数×1位数可以把整10数看成几个10几个十乘几得到多少个10就是几时
5	同学们提出的其他问题你能尝试列出算式吗
5	如果会算了你还能给别人讲明白为什么吗
1	我们通过估算知道了成绩一定比六大小于8.465.6不在这个范围内
1	小丽说我发现他们比较的其实都是计数单位以及计数单位的个数以北京和天津的人口数量为例
1	请看我的作品通过阅读题目中的信息我知道一盒牛奶1/4声每升牛奶大约含钙6/5克求一盒牛奶大约涵盖多少克就是求6/5克的1/4是多少也可以用乘法来计算然后用分子相乘的积做分子分母相乘的积做分母
5	从图中你知道了哪些信息能提出什么数学问题吗
1	佳佳说右边的算式两个小括号之间没有先后顺序可以同时计算但是左边的是小括号里套着小括号要先算里面的小括号再算外面的小括号所以可以把外面的小括号改成中括号
6	阳阳也举起手来我们来听听他想说什么
1	30×8就是把30看成三个时三个10×8得到24个时是240
1	同学们在我们的日常生活中测量身高时经常会用到这样专门的仪器刚才我们讨论出的测量身高的方法会用这个仪器量身高道理上是一样的
0	今天这节课我们运用比较大小的知识解决了5个省市人口数量的多少问题同学们表现非常棒
1	佳佳还有补充
5	通过今天的学习你有哪些收获和发现呢
0	同学们通过想象观察比较瓶子和盒子的高矮粗细大小进行判断真是善于观察乐于思考
1	小雨发现这是一个8位数它的最高位是千万位
1	这是人口普查的信息这是故宫博物院的信息这是鸟巢的信息这是杭州湾跨海大桥的信息这是地球的陆地面积的信息
1	明明这时站起来说这是我的作品阳阳说的对我就是联系竖式先算2×4等于多少用4去乘12个位的2得到8把8写在横线下面的个位上与上面的2和4对齐也就是横式中的2×4=8再用这个4去乘1210位的1得到4个10是40把40写在8的下面一行也就是横式中的10×4=40最后把两个结合在一起是48写在了最下面也就是横式中的8+40=48你们看竖式的每一步和横式表达的意思是一样的
6	读一读信息
5	通过观看跑步比赛我们比较出了跑步的快与慢让我们再到跳远赛场上去看看你又能比出什么呢
1	我能用画图的方法来解释计算的道理3/10×7/8就是求3/10的7/8是多少我把一个长方形看作是单位一先平均分成10份表示这样的三份就是3/10再把3/10平均分成8分表示这样的气氛就是3/10的7/8相当于把单位一平均分成10×8份也就是80分表示这样的3×7分也就是21份也就相当于单位一的21/80所以3/10×7/8=21/80
6	这是2018年北京市部分统计数据请你试着读一下开始吧
6	请同学们准备好小棒没有也没关系让我们一起走进数学的课堂
5	买一箱苹果应付多少元
5	小文说消脾气在货架的第一层左边第一个你找到了吗
6	好那我们听听痘痘是怎么说的
6	你一定有了自己的想法请带着你的作品来和同学们一起交流吧
1	佳佳说噢我明白了位数和最高位的计数单位还有联系呢
5	屏幕前的同学们这些问题大家都能够解决吗
1	接下来我们走进超市继续寻找生活中的数学问题
1	我来读吧个位上的计数单位是一10位上的计数单位是10百位上的计数单位是百千位上的计数单位是千万位上的计数单位是万10万位上的计数单位是10万百万位上的计数单位是百万千万位上的计数单位是千万亿位上的计数单位是亿
1	听到这儿明明有了疑问
1	不同方法的探索活动让我知道遇到新问题可以用画图举例学过的规律帮我们思考转化方法很重要将小数乘整数转化为整数乘整数计算
1	我发现10/11×2表示两个10/11而10/11可以看成10/11×1表示一个10/11显然两个10/11比一个10/11要大所以10/11×2大于10/11
1	琴琴说利用前面三个问题的结果能计算房间地面的剩余面积是多少平方米
5	还有同学写成了这样一个乘法算式5×2=10看了看这两个算式丽丽摇摇头还是有点不明白这个5到底是哪来的呢同学们你能再解释解释吗
1	林林说他是用350×1/5来列式解答的算出来的结果也是70毫升呢
1	就像这位同学所说的数学呀就在身边我爱数学
1	听了天天的想法琳琳说道将整数写成假分数真是巧妙啊我明白了如果将整数写成假分数的形式分数和整数相乘就变成了分数乘分数这样1/4×5就可以写成1/4×5/1也就都可以用分数乘分数的方法来计算了
0	而且还联系生活借助直观图形解释清楚如何运用这些运算定律使得计算更加简便真会学习
1	在某天的训练休息时学校发给每位同学一瓶350毫升的矿泉水为了保证大家科学补水卫生老师想要了解每位同学训练后的补水量小芳说他喝了1/5小亮说他喝了4/5
5	根据大家写书的经验大家想一想大数应该怎样写呢
0	同学们真是太会思考了那就让我们带着这些测量经验再来量一量身上的尺子的长度吧
6	没关系我们来计数器上看一看吧
5	现在你能不能利用数位顺序表说一说对这个数的认识呢
5	面对计数器上的数位和它对应的计数单位你觉得我们还能研究些什么呢
6	大家在讨论中体会了大数的读法那请你带着这些体会我们来试一试读这些数
1	还记得吗上一节课我们一起解决了阳光小区购买垃圾桶的问题我们借助图用多种方法
5	多位数乘一位数呢
1	用40×5得出5包一共200本
1	准备好了吗我们开始上课了
0	君君可真善于倾听发现了亮亮在测量中出现的问题
1	上节课我们把小数成整数转化为了整数成整数所以我先把9.9从0.4变成了99列竖式得到396我想9.9×0.4的结果应该是39.6小数点要对齐可结果和大家不一样我也觉得不对
5	同学们都写完了吗
5	同学们你们有什么想法吗
1	我同意芳芳的说法而且我还有补充两位数都可以拆分成几加几比如12可以拆分成4+813可以拆分成6+7
1	同学们大家好我是首都师范大学附属云岗小学的陈老师很高兴和大家一起学习今天我们继续研究小数乘法
1	同学们我们又做了两道两位数乘一位数的竖式题相信你们一定积累了一些计算经验
1	宽是8.7米算式就可以写为6.2加3.8的和乘8.7说明乘法分配律也适用于小数
5	大家有想法了吗
1	豆豆想知道一盒牛奶大约涵盖多少克
6	我们一起交流一下吧
6	亮亮又接着说
1	小括号用过了要想算完小括号里的再算2.8+3.6的和可以在小括号外面加一个新的符号这就是我们今天认识的新朋友中括号这个综合算式就可以这样表示了
5	乐乐觉得算式里带着两个小括号看起来不是很清楚还有别的方法让我们看得更清晰吗
1	最后布置一下课后活动这是数学书第十三页上的思考题感兴趣的同学课下思考解决哪个最轻哪个最重的问题并拔你是怎样知道的讲给家人听好了今天的数学课就上到这里同学们再见
6	我们来一起分享交流一下这是芳芳的作品让他来给我们讲讲
5	接下来没有生活情境了你还会用拆分的方法解决问题吗
5	爱思考的同学们你们能解决琳琳提出的问题吗
1	剪完了吗请你拿出刚刚剪下的一米长的绳子和粒粒一起感受感受一米的长度两手伸直握住线绳的两端拉直线绳感受感受一米有多长或者用两手卡住米尺的两端感受感受一米的长度
6	我们再来看看下一道题目吧
0	同学们观察的可真仔细你们能用前面斜道的方法按顺序观察真是太棒了
6	让我们来听听同学们是怎么说的
1	二年级参加运动会的同学每排20人站了这样的三排求一共有多少人就是求三个20是多少
1	我发现都是两位数乘以一位数都可以用先拆分再合起来的办法得到结果
1	再准备10个回形针如果没有也不用担心可以把印在学习单上的回形针剪下来代替剪的时候要注意安全噢
1	名字叫买卖国的乘法队长从前有一个买卖国在买卖国的街道里堆满了各种各样的商品那里的人们从早到晚都在数数一个个数实在是太麻烦了后来出现了一位乘法队长他帮助百姓们解决了问题
1	看来在测量时你这个长度单位确实能帮助我们解决生活中的问题
5	关于9.9×0.4你们还有什么疑问或补充吗
5	乘法用乘法算式怎么表示呢
1	想好了吗方法首先看到了4个小朋友再给花和树浇水还看到一位小朋友在喂小兔子瞧他们多有爱心呀
1	我发现知识间存在着联系整数的运算定律对于小数同样适用
1	这是佳佳的想法它在计数计上表示出了10万和百万的关系就是10个10万是100万
6	我们再看第二个问题
1	芳芳说我觉得小雨的方法挺好的改写后这些数读起来简单多了
6	同学们我们通过观察测量认识了一个新的长度单位米你这个单位在测量时很常用你能举个例子吗先想想再交流
0	说得真清楚做好标记按顺序数就能数对
6	同学们开始测量吗
1	学校的秋季运动会开幕了现在进行的是各年级的队列表演这是三年级的队伍
1	我借助数位顺序表读了第一个数国家图书馆有电子图书378万7588种
1	前面我们刚学习了小数乘法的竖式计算就是先按整数乘法算出积再给积点上小数点
1	要想摆出最大的7位数所以这个7位数的最高位一定是最大的也就是最高位上的数是8
5	你还能帮卖包子的大叔算算价钱吗这里有6笼包子一笼包子8元总共需要多少元呢
1	因数3.2有一位小数2.05有两位小数他们的乘积就应该有三位小数可是2×5=10乘积小数末尾的0可以去掉所以乘积应该剩下两位小数不可能是一位小数65.6
5	同学们你们知道空中护旗队的直10武装直升机约有多少架吗
0	你们真是太棒了还创造了属于自己的尺子呢
1	先得到99和4的积是396最后再确定积的小数点的位置给积点上小数点这样就算出9.9成0.4的结果了
6	了解了乘法后你能把其他的加法算式也写成乘法算式吗这个算式怎么用乘法来表示呢请你想一想写一写
0	你的这个发现可真有价值
1	回顾前面的活动我们发现在计算的时候要先分开算再把几部分合起来就能得到最后的结果了
6	那我们看看其他同学的方法还行吗
1	而第二个数的最高位的计数单位是百万千万比百万要大所以位数多的数最高位的计数单位大而这个数就大所以也是比较的最高位
1	在写竖式时我先用4去乘21个位上的一1四得四把四写在横线下面的个位上与上面的1和四对齐表示4个1元是4元
